"Participant","Recruitment","Experiment_StartDate","Experiment_Duration","Browser_Version","Mobile","Platform","Screen_Width","Screen_Height"
"S120","prolific",2025-10-03 13:53:48,36.3324833333333,"firefox 143.0.0","false","Windows 10",1869,927
"S169","prolific",2025-10-03 06:22:11,24.0292,"chrome 140.0.0","false","Mac OS",1213,676
"S196","prolific",2025-10-03 23:08:40,51.7899666666667,"chrome 140.0.0","false","Windows 10",1280,585
"S032","prolific",2025-10-03 16:12:32,16.2727166666667,"chrome 140.0.0","false","Windows 10",1920,945
"S238","prolific",2025-10-03 15:29:07,37.1067166666667,"chrome 140.0.0","false","Windows 10",1366,633
"S195","prolific",2025-10-03 13:51:53,28.8661333333333,"chrome 140.0.0","false","Windows 10",1920,911
"S180","prolific",2025-10-03 09:27:34,35.2605166666667,"edge-chromium 140.0.0","false","Windows 10",1912,954
"S337","prolific",2025-10-03 13:17:09,48.5469333333333,"chrome 140.0.0","false","Windows 10",639,593
"S118","prolific",2025-10-03 16:04:02,41.4623166666667,"firefox 143.0.0","false","Windows 10",1920,1045
"S248","prolific",2025-10-03 17:14:32,36.8598333333333,"chrome 137.0.0","false","Windows 10",1366,633
"S143","prolific",2025-10-08 11:20:15,75.9791333333333,"chrome 140.0.0","false","Windows 10",1536,826
"S277","prolific",2025-10-03 21:58:29,48.2928333333333,"chrome 140.0.0","false","Windows 10",1280,594
"S102","prolific",2025-10-03 11:21:09,39.4188,"chrome 140.0.0","false","Windows 10",1366,599
"S185","prolific",2025-10-03 14:24:17,32.4422,"chrome 140.0.0","false","Windows 10",1707,948
"S351","prolific",2025-10-03 16:51:11,25.75005,"chrome 140.0.0","false","Windows 10",1536,826
"S250","prolific",2025-10-03 18:50:08,47.8009666666667,"crios 140.0.7339","true","iOS",980,1719
"S219","prolific",2025-10-03 17:32:45,58.4168833333333,"chrome 140.0.0","false","Windows 10",1600,739
"S263","prolific",2025-10-04 10:28:55,37.75485,"chrome 140.0.0","false","Windows 10",1366,589
"S210","prolific",2025-10-03 15:26:36,27.013,"chrome 140.0.0","false","Mac OS",1710,981
"S265","prolific",2025-10-03 10:26:03,47.1643333333333,"firefox 143.0.0","false","Windows 10",1366,643
"S074","prolific",2025-10-06 09:25:09,34.5690333333333,"chrome 137.0.0","false","Windows 10",1366,641
"S258","prolific",2025-10-03 19:05:03,67.9838333333333,"chrome 140.0.0","false","Mac OS",1680,963
"S281","prolific",2025-10-05 10:34:40,41.3390333333333,"chrome 140.0.0","false","Windows 10",1440,765
"S356","prolific",2025-10-03 16:08:49,33.8592833333333,"chrome 138.0.0","false","Mac OS",1440,812
"S273","prolific",2025-10-05 08:05:32,14.3636666666667,"edge-chromium 139.0.0","false","Windows 10",1275,740
"S038","prolific",2025-10-05 10:31:31,74.40475,"firefox 143.0.0","false","Windows 10",1920,967
"S040","prolific",2025-10-03 08:22:39,54.3277333333333,"safari 15.6.0","false","Mac OS",1440,820
"S332","prolific",2025-10-03 13:16:45,43.1621666666667,"chrome 132.0.0","false","Mac OS",1273,588
"S133","prolific",2025-10-03 19:27:56,43.3627666666667,"opera 122.0.0","false","Windows 10",1866,911
"S316","prolific",2025-10-04 06:36:34,36.8056333333333,"chrome 140.0.0","false","Mac OS",1512,823
"S170","prolific",2025-10-03 12:56:23,20.85,"chrome 140.0.0","false","Windows 10",1920,911
"S301","prolific",2025-10-03 17:06:02,29.09955,"edge-chromium 140.0.0","false","Windows 10",2040,1154
"S066","prolific",2025-10-03 16:08:50,42.9024333333333,"chrome 140.0.0","false","Windows 10",1280,687
"S230","prolific",2025-10-03 20:57:42,31.0078166666667,"chrome 140.0.0","false","Windows 10",1536,855
"S274","prolific",2025-10-03 16:09:05,33.2447166666667,"chrome 141.0.0","false","Windows 10",1366,599
"S252","prolific",2025-10-03 22:52:24,34.68755,"edge-chromium 140.0.0","false","Windows 10",1358,612
"S285","prolific",2025-10-03 09:21:18,25.7984833333333,"chrome 140.0.0","false","Windows 10",1536,730
"S138","prolific",2025-10-03 13:16:49,27.0570333333333,"chrome 140.0.0","false","Windows 10",1536,730
"S177","prolific",2025-10-03 14:08:20,72.3803333333333,"chrome 140.0.0","false","Windows 10",1536,742
"S224","prolific",2025-10-03 18:13:19,32.6011,"chrome 128.0.0","false","Mac OS",1440,740
"S080","prolific",2025-10-03 19:36:06,40.6542,"ios 18.5.0","true","iOS",980,1653
"S128","prolific",2025-10-03 17:32:38,27.49715,"firefox 143.0.0","false","Windows 10",1536,731
"S260","prolific",2025-10-03 16:50:22,21.903,"edge-chromium 140.0.0","false","Windows 10",1912,954
"S078","prolific",2025-10-11 12:18:45,17.55525,"chrome 140.0.0","false","Mac OS",1280,606
"S359","prolific",2025-10-03 18:55:28,48.0748,"chrome 141.0.0","false","Windows 10",1536,730
"S259","prolific",2025-10-03 16:49:49,64.6756,"chrome 140.0.0","false","Windows 10",1920,945
"S114","prolific",2025-10-04 10:53:09,137.862783333333,"chrome 140.0.0","false","Windows 10",1536,695
"S211","prolific",2025-10-08 14:18:28,23.60855,"chrome 140.0.0","false","Windows 10",1368,777
"S354","prolific",2025-10-03 15:16:35,33.28405,"chrome 140.0.0","false","Windows 10",1536,826
"S358","prolific",2025-10-12 19:01:45,31.7366166666667,"edge-chromium 141.0.0","false","Windows 10",1528,716
"S297","prolific",2025-10-04 09:09:05,79.38045,"edge-chromium 140.0.0","false","Windows 10",1912,954
"S231","prolific",2025-10-05 12:57:44,48.1506666666667,"chrome 140.0.0","false","Windows 10",1366,599
"S349","prolific",2025-10-04 02:20:31,35.8234166666667,"chrome 141.0.0","false","Windows 10",1536,826
"S221","prolific",2025-10-03 11:27:58,35.03115,"firefox 144.0.0","false","Windows 10",1920,967
"S311","prolific",2025-10-03 08:12:02,26.7797,"firefox 143.0.0","false","Windows 10",1600,758
"S184","prolific",2025-10-06 09:08:59,54.05305,"chrome 140.0.0","false","Windows 10",1366,633
"S251","prolific",2025-10-03 20:19:53,39.8845333333333,"chrome 129.0.0","false","Windows 10",754,711
"S254","prolific",2025-10-07 08:47:36,30.0927833333333,"chrome 141.0.0","false","Windows 10",1536,730
"S178","prolific",2025-10-04 11:58:29,84.18865,"chrome 140.0.0","false","Mac OS",1280,678
"S209","prolific",2025-10-02 23:16:35,17.94865,"chrome 140.0.0","false","Windows 10",1920,911
"S270","prolific",2025-10-03 19:34:16,31.725,"chrome 140.0.0","true","Android OS",980,1792
"S069","prolific",2025-10-03 18:31:08,22.0989666666667,"chrome 140.0.0","false","Chrome OS",1536,695
"S175","prolific",2025-10-04 16:04:29,58.5028166666667,"chrome 140.0.0","false","Chrome OS",1327,599
"S145","prolific",2025-10-03 15:17:05,39.2385833333333,"chrome 140.0.0","false","Windows 10",1920,911
"S186","prolific",2025-10-03 18:48:26,35.2261166666667,"chrome 130.0.0","false","Windows 10",1280,593
"S099","prolific",2025-10-11 17:57:02,31.7500833333333,"chrome 141.0.0","false","Mac OS",1440,900
"S247","prolific",2025-10-04 06:29:57,27.5569333333333,"chrome 140.0.0","false","Windows 10",1280,585
"S214","prolific",2025-10-04 14:46:43,98.7287166666667,"chrome 140.0.0","false","Windows 10",1280,551
"S296","prolific",2025-10-03 20:20:58,52.6210333333333,"chrome 140.0.0","false","Chrome OS",1536,730
"S156","prolific",2025-10-03 14:54:47,28.8038333333333,"chrome 140.0.0","false","Mac OS",1786,908
"S341","prolific",2025-10-03 09:27:48,20.5553833333333,"chrome 141.0.0","false","Mac OS",1702,861
"S309","prolific",2025-10-03 18:52:04,56.42325,"chrome 140.0.0","false","Windows 10",1280,585
"S084","prolific",2025-10-05 20:33:25,37.1299333333333,"ios 26.0.1","true","iOS",980,1773
"S071","prolific",2025-10-03 12:07:12,21.0450166666667,"chrome 140.0.0","false","Windows 10",2048,1146
"S089","prolific",2025-10-06 09:59:58,22.8275833333333,"chrome 141.0.0","false","Windows 10",1746,818
"S255","prolific",2025-10-03 22:18:13,37.7306666666667,"chrome 140.0.0","false","Windows 10",1280,585
"S280","prolific",2025-10-03 09:23:17,42.1875833333333,"chrome 140.0.0","false","Windows 10",1920,945
"S039","prolific",2025-10-10 09:36:03,19.6837166666667,"edge-chromium 140.0.0","false","Windows 10",1912,1044
"S268","prolific",2025-10-03 08:23:42,21.2782,"chrome 140.0.0","false","Windows 10",1536,889
"S155","prolific",2025-10-04 15:44:53,37.1613833333333,"firefox 143.0.0","false","Windows 10",1920,929
"S076","prolific",2025-10-03 13:04:45,15.7653333333333,"firefox 143.0.0","false","Mac OS",1496,844
"S119","prolific",2025-10-03 16:11:38,38.2587166666667,"chrome 140.0.0","false","Mac OS",1280,678
"S124","prolific",2025-10-03 15:15:50,33.4237833333333,"opera 122.0.0","false","Windows 10",1534,778
"S262","prolific",2025-10-03 09:30:24,28.4308333333333,"chrome 140.0.0","false","Windows 10",1412,638
"S082","prolific",2025-10-03 15:58:54,23.8009666666667,"chrome 140.0.0","false","Windows 10",1536,695
"S079","prolific",2025-10-03 16:46:18,52.3327166666667,"chrome 140.0.0","false","Windows 10",1229,532
"S129","prolific",2025-10-08 10:25:38,13.9567666666667,"edge-chromium 140.0.0","false","Windows 10",1528,738
"S239","prolific",2025-10-03 21:48:34,29.5734833333333,"chrome 140.0.0","false","Windows 10",1536,791
"S199","prolific",2025-10-03 16:50:59,31.65445,"edge-chromium 140.0.0","false","Windows 10",1528,716
"S174","prolific",2025-10-05 13:29:18,45.79635,"firefox 143.0.0","false","Windows 10",766,730
"S289","prolific",2025-10-11 13:59:34,19.8070166666667,"chrome 139.0.0","false","Mac OS",1440,708
"S087","prolific",2025-10-03 17:48:18,25.9472333333333,"chrome 140.0.0","false","Windows 10",1536,695
"S233","prolific",2025-10-03 14:54:25,20.9363833333333,"chrome 140.0.0","false","Windows 10",1664,941
"S110","prolific",2025-10-03 16:00:18,20.193,"chrome 140.0.0","false","Windows 10",1536,742
"S200","prolific",2025-10-03 15:28:26,28.2152833333333,"chrome 140.0.0","false","Windows 10",1280,585
"S101","prolific",2025-10-03 20:01:43,34.8187333333333,"firefox 141.0.0","false","Windows 10",1280,560
"S302","prolific",2025-10-04 07:42:02,31.4431166666667,"chrome 140.0.0","false","Windows 10",1536,730
"S182","prolific",2025-10-03 10:11:36,28.01125,"chrome 138.0.0","false","Chrome OS",1536,695
"S329","prolific",2025-10-03 21:23:21,14.5579666666667,"safari 18.6.0","false","Mac OS",1431,721
"S308","prolific",2025-10-03 16:46:26,28.54345,"chrome 140.0.0","false","Windows 10",1536,695
"S151","prolific",2025-10-07 09:05:49,29.8163166666667,"chrome 140.0.0","false","Windows 10",1265,577
"S162","prolific",2025-10-03 08:09:48,31.1150166666667,"safari 18.6.0","false","Mac OS",1429,747
"S339","prolific",2025-10-03 16:31:30,23.0182166666667,"chrome 140.0.0","false","Windows 10",1366,607
"S139","prolific",2025-10-03 20:06:01,59.1001833333333,"edge-chromium 140.0.0","false","Windows 10",1528,708
"S234","prolific",2025-10-06 07:49:05,25.2545333333333,"chrome 140.0.0","false","Windows 10",2560,1271
"S310","prolific",2025-10-03 17:10:00,43.1828166666667,"chrome 140.0.0","false","Windows 10",1904,951
"S232","prolific",2025-10-03 11:56:06,46.33345,"chrome 140.0.0","false","Windows 10",1600,739
"S266","prolific",2025-10-05 14:06:39,18.14235,"edge-chromium 141.0.0","false","Windows 10",2552,1284
"S064","prolific",2025-10-04 14:20:32,25.37005,"chrome 140.0.0","false","Windows 10",1280,593
"S355","prolific",2025-10-03 13:51:54,55.5962833333333,"chrome 140.0.0","false","Windows 10",897,506
"S194","prolific",2025-10-03 16:46:34,39.4669833333333,"chrome 140.0.0","false","Windows 10",1920,945
"S042","prolific",2025-10-04 07:30:55,31.35365,"firefox 143.0.0","false","Windows 10",1920,956
"S154","prolific",2025-10-03 16:49:51,30.6160333333333,"chrome 140.0.0","false","Windows 10",1280,585
"S134","prolific",2025-10-03 20:09:53,25.8654,"chrome 140.0.0","false","Windows 10",1280,597
"S313","prolific",2025-10-03 15:19:03,51.2835833333333,"edge-chromium 140.0.0","false","Windows 10",1912,1074
"S237","prolific",2025-10-03 18:27:10,32.2678333333333,"chrome 140.0.0","false","Windows 10",1366,641
"S141","prolific",2025-10-03 20:18:26,27.8009333333333,"chrome 140.0.0","false","Linux",824,1245
"S121","prolific",2025-10-03 16:00:36,64.2827,"chrome 140.0.0","false","Windows 10",1366,607
"S314","prolific",2025-10-03 13:42:37,35.7125166666667,"firefox 115.0.0","false","Mac OS",2508,1120
"S055","prolific",2025-10-03 15:17:19,41.94365,"edge-chromium 140.0.0","false","Windows 10",1912,954
"S215","prolific",2025-10-03 16:09:44,45.4242,"chrome 140.0.0","false","Windows 10",1163,532
"S152","prolific",2025-10-08 17:44:05,21.0783166666667,"firefox 143.0.0","false","Windows 10",1869,964
"S068","prolific",2025-10-03 16:47:19,31.5949,"chrome 140.0.0","false","Windows 10",2024,1430
"S090","prolific",2025-10-03 14:53:47,26.0963166666667,"firefox 143.0.0","false","Windows 10",1907,946
"S236","prolific",2025-10-03 16:50:43,25.1357333333333,"chrome 140.0.0","false","Windows 10",1920,945
"S077","prolific",2025-10-04 18:11:32,46.45505,"chrome 140.0.0","false","Linux",1507,2692
"S291","prolific",2025-10-03 21:05:38,130.99075,"chrome 141.0.0","true","Android OS",980,1820
"S135","prolific",2025-10-09 13:32:57,34.8778166666667,"chrome 141.0.0","false","Windows 10",1920,945
"S315","prolific",2025-10-06 12:05:17,28.7219333333333,"chrome 141.0.0","false","Windows 10",1536,703
"S197","prolific",2025-10-03 13:20:38,34.8552,"chrome 140.0.0","false","Mac OS",1261,737
"S330","prolific",2025-10-03 13:59:21,29.37855,"chrome 140.0.0","false","Mac OS",1429,709
"S229","prolific",2025-10-03 13:27:29,66.7703666666667,"edge-chromium 140.0.0","false","Windows 10",1318,642
"S244","prolific",2025-10-03 22:16:56,33.7971666666667,"edge-chromium 140.0.0","false","Windows 10",1272,594
"S305","prolific",2025-10-03 13:51:48,32.4641166666667,"chrome 140.0.0","false","Windows 10",1920,911
"S130","prolific",2025-10-03 13:16:41,22.63975,"chrome 140.0.0","false","Mac OS",1920,927
"S122","prolific",2025-10-06 14:16:25,17.5457166666667,"chrome 140.0.0","false","Windows 10",1920,911
"S208","prolific",2025-10-03 19:19:27,92.6772666666667,"chrome 140.0.0","false","Windows 10",1280,593
"S111","prolific",2025-10-06 08:47:34,33.60735,"chrome 140.0.0","false","Windows 10",1536,695
"S241","prolific",2025-10-03 10:20:03,34.49665,"chrome 140.0.0","false","Windows 10",1280,593
"S275","prolific",2025-10-04 23:49:15,669.900633333333,"chrome 140.0.0","false","Windows 10",1536,774
"S050","prolific",2025-10-03 16:09:42,27.765,"firefox 143.0.0","false","Windows 10",1869,921
"S298","prolific",2025-10-03 15:59:56,17.1349333333333,"edge-chromium 140.0.0","false","Windows 10",1528,738
"S246","prolific",2025-10-06 10:42:38,33.5427833333333,"chrome 141.0.0","false","Windows 10",1920,945
"S117","prolific",2025-10-03 17:40:38,32.7804,"chrome 140.0.0","false","Windows 10",1536,730
"S319","prolific",2025-10-03 18:51:49,29.3011833333333,"chrome 139.0.0","false","Windows 10",1536,695
"S278","prolific",2025-10-03 11:57:52,42.7811666666667,"chrome 109.0.0","false","Windows 10",1366,625
"S216","prolific",2025-10-05 20:23:24,19.0733833333333,"chrome 140.0.0","false","Windows 10",1280,585
"S088","prolific",2025-10-04 10:14:16,22.84635,"ios 18.6.0","true","iOS",980,1643
"S160","prolific",2025-10-03 14:54:36,58.3931166666667,"chrome 140.0.0","false","Mac OS",1637,1320
"S321","prolific",2025-10-03 15:58:14,15.22645,"chrome 140.0.0","false","Windows 10",1280,551
"S325","prolific",2025-10-03 21:47:25,24.71005,"chrome 138.0.0","false","Windows 10",1280,720
"S091","prolific",2025-10-03 13:17:03,44.1486666666667,"chrome 141.0.0","false","Windows 10",1366,633
"S227","prolific",2025-10-03 14:29:13,17.1666,"chrome 141.0.0","false","Windows 10",1604,775
"S062","prolific",2025-10-03 20:05:08,22.8280166666667,"chrome 140.0.0","false","Mac OS",1680,1050
"S217","prolific",2025-10-03 16:59:03,40.4282833333333,"chrome 140.0.0","false","Windows 10",1600,773
"S205","prolific",2025-10-03 15:16:27,25.0927833333333,"chrome 140.0.0","false","Windows 10",1360,607
"S343","prolific",2025-10-03 11:01:13,31.3311166666667,"chrome 138.0.0","false","Windows 10",1366,607
"S035","prolific",2025-10-03 09:30:24,31.5227833333333,"chrome 140.0.0","false","Windows 10",1920,953
"S072","prolific",2025-10-12 11:32:30,22.3364666666667,"chrome 141.0.0","false","Windows 10",2048,1111
"S100","prolific",2025-10-03 14:54:52,27.7949833333333,"chrome 140.0.0","false","Chrome OS",1366,791
"S163","prolific",2025-10-08 10:53:23,28.6165,"chrome 141.0.0","false","Mac OS",1037,783
"S243","prolific",2025-10-04 09:44:23,29.5401,"edge-chromium 141.0.0","false","Windows 10",1912,954
"S220","prolific",2025-10-04 08:33:24,49.3785333333333,"edge-chromium 140.0.0","false","Windows 10",1272,594
"S201","prolific",2025-10-03 18:05:09,20.6518166666667,"chrome 140.0.0","false","Windows 10",1536,703
"S253","prolific",2025-10-04 14:41:49,26.4552833333333,"chrome 128.0.0","false","Mac OS",1440,729
"S108","prolific",2025-10-09 08:47:20,16.5667833333333,"chrome 141.0.0","false","Windows 10",1536,695
"S212","prolific",2025-10-03 16:48:57,39.3917,"chrome 140.0.0","false","Windows 10",1280,585
"S104","prolific",2025-10-04 05:31:30,16.0874333333333,"edge-chromium 140.0.0","false","Mac OS",1666,822
"S132","prolific",2025-10-03 16:47:07,39.7528333333333,"chrome 140.0.0","false","Chrome OS",1601,766
"S256","prolific",2025-10-04 10:56:59,26.9701166666667,"chrome 140.0.0","false","Windows 10",1280,665
"S041","prolific",2025-10-04 09:21:22,20.3467166666667,"chrome 109.0.0","false","Windows 10",1366,657
"S159","prolific",2025-10-03 18:23:50,35.42695,"chrome 140.0.0","false","Windows 10",1366,633
"S103","prolific",2025-10-03 13:52:16,53.4328833333333,"chrome 140.0.0","false","Mac OS",1440,753
"S198","prolific",2025-10-03 11:57:41,26.97045,"chrome 140.0.0","false","Mac OS",1187,582
"S295","prolific",2025-10-04 07:29:59,17.6689166666667,"chrome 140.0.0","false","Windows 10",1920,911
"S109","prolific",2025-10-03 20:15:13,28.2604833333333,"chrome 141.0.0","false","Windows 10",1536,695
"S249","prolific",2025-10-07 08:24:45,28.8427833333333,"chrome 139.0.0","false","Chrome OS",1187,658
"S264","prolific",2025-10-03 15:17:14,23.2127666666667,"chrome 140.0.0","false","Mac OS",1033,710
"S300","prolific",2025-10-03 18:03:57,43.5020833333333,"edge-chromium 140.0.0","false","Windows 10",1272,594
"S075","prolific",2025-10-03 09:20:40,25.3072833333333,"chrome 140.0.0","false","Windows 10",1920,945
"S225","prolific",2025-10-03 16:51:23,59.8783166666667,"chrome 140.0.0","false","Windows 10",1366,641
"S113","prolific",2025-10-03 19:08:32,26.0940833333333,"chrome 139.0.0","false","Windows 10",1366,641
"S164","prolific",2025-10-03 09:16:56,42.6856,"safari 18.6.0","false","Mac OS",1366,914
"S202","prolific",2025-10-03 21:13:59,24.6102,"chrome 140.0.0","true","Android OS",1959,3647
"S165","prolific",2025-10-03 23:56:43,21.4062,"chrome 140.0.0","false","Chrome OS",1517,731
"S056","prolific",2025-10-03 15:17:00,33.88105,"chrome 140.0.0","false","Windows 10",1920,911
"S340","prolific",2025-10-03 10:32:41,42.6670333333333,"edge-chromium 141.0.0","false","Windows 10",1536,864
"S176","prolific",2025-10-03 12:33:34,59.2504833333333,"chrome 140.0.0","false","Windows 10",1536,776
"S228","prolific",2025-10-03 07:16:33,30.1808166666667,"chrome 140.0.0","false","Mac OS",1049,723
"S059","prolific",2025-10-03 13:54:53,52.5163833333333,"chrome 140.0.0","false","Windows 10",1920,991
"S290","prolific",2025-10-04 08:47:16,43.5744333333333,"safari 18.6.0","false","Mac OS",810,977
"S192","prolific",2025-10-06 08:43:54,40.20465,"chrome 109.0.0","false","Windows 10",1366,635
"S044","prolific",2025-10-03 08:16:58,39.1016666666667,"edge-chromium 140.0.0","false","Windows 10",1358,650
"S322","prolific",2025-10-03 17:35:25,29.6361666666667,"chrome 139.0.0","false","Windows 10",1920,945
"S116","prolific",2025-10-03 13:53:20,28.1568666666667,"chrome 141.0.0","false","Mac OS",728,713
"S051","prolific",2025-10-03 17:07:28,29.1674333333333,"chrome 140.0.0","false","Chrome OS",1366,633
"S335","prolific",2025-10-03 18:15:31,37.0129166666667,"chrome 140.0.0","false","Mac OS",1440,812
"S346","prolific",2025-10-03 18:08:01,36.3932666666667,"chrome 140.0.0","false","Windows 10",1920,945
"S047","prolific",2025-10-06 09:56:12,28.85985,"firefox 143.0.0","false","Windows 10",1280,586
"S282","prolific",2025-10-03 15:58:55,52.5842833333333,"chrome 140.0.0","false","Windows 10",1536,826
"S357","prolific",2025-10-03 15:59:34,32.0864833333333,"chrome 140.0.0","false","Windows 10",1746,968
"S318","prolific",2025-10-05 13:20:39,27.44175,"edge-chromium 141.0.0","false","Windows 10",1241,556
"S271","prolific",2025-10-09 08:29:40,49.587,"chrome 128.0.0","false","Mac OS",1680,873
"S279","prolific",2025-10-03 16:58:16,49.9466166666667,"chrome 140.0.0","false","Windows 10",1280,585
"S299","prolific",2025-10-03 16:55:14,45.9502166666667,"chrome 133.0.0","false","Mac OS",1710,981
"S045","prolific",2025-10-03 13:18:57,22.93715,"safari 17.4.1","false","Mac OS",1388,795
"S094","prolific",2025-10-03 13:52:01,41.5600833333333,"chrome 109.0.0","false","Windows 10",1464,681
"S222","prolific",2025-10-03 17:43:53,18.2516333333333,"chrome 140.0.0","false","Windows 10",1920,945
"S245","prolific",2025-10-03 20:17:16,32.5451166666667,"chrome 93.0.4577","false","Chrome OS",1920,961
"S136","prolific",2025-10-03 15:59:49,22.4565833333333,"firefox 143.0.0","false","Windows 10",1920,1075
"S043","prolific",2025-10-06 07:20:00,28.84555,"chrome 140.0.0","false","Windows 10",1463,746
"S142","prolific",2025-10-03 15:59:04,37.4823833333333,"firefox 143.0.0","false","Windows 10",2070,1055
"S140","prolific",2025-10-03 21:33:13,28.9687833333333,"safari 18.6.0","false","Mac OS",953,1145
"S338","prolific",2025-10-10 17:43:44,42.0978,"firefox 143.0.0","false","Mac OS",1280,664
"S206","prolific",2025-10-03 18:03:14,46.5334833333333,"chrome 140.0.0","false","Windows 10",1536,730
"S033","prolific",2025-10-03 05:22:03,24.0617,"firefox 143.0.0","false","Windows 10",949,811
"S106","prolific",2025-10-03 15:28:12,23.7919333333333,"chrome 138.0.0","false","Mac OS",1440,718
"S326","prolific",2025-10-03 16:14:17,30.6343833333333,"chrome 141.0.0","false","Windows 10",1919,1436
"S171","prolific",2025-10-03 10:27:53,44.5131333333333,"chrome 141.0.0","false","Windows 10",1091,689
"S096","prolific",2025-10-07 11:35:59,39.1699166666667,"safari 26.0.1","false","Mac OS",1535,937
