"Model","Contrast","Parameter","Difference","CI_low","CI_high","Difference_pct","CI_low_pct","CI_high_pct","pd","Credible","Effect"
"BeautySR","AI-Generated - Human Original","response",-0.0691221061672021,-0.0833501094126554,-0.0547236834306422,-6.91221061672021,-8.33501094126554,-5.47236834306422,1,TRUE,"Negative"
"BeautySR","AI-Generated - Human Original","mu",-0.136158444031062,-0.176392301801055,-0.0960566886259581,-13.6158444031062,-17.6392301801055,-9.60566886259581,1,TRUE,"Negative"
"BeautySR","AI-Generated - Human Original","confright",-0.0601646663095505,-0.0724612813422706,-0.0484823234871193,-6.01646663095505,-7.24612813422706,-4.84823234871193,1,TRUE,"Negative"
"BeautySR","AI-Generated - Human Original","confleft",0.0404604391074288,0.0220237695129939,0.0594048180150827,4.04604391074288,2.20237695129939,5.94048180150827,1,TRUE,"Positive"
"BeautySR","AI-Generated - Human Original","precright",0.789646295,0.464470227,1.1326584575,NA,NA,NA,1,TRUE,"Positive"
"BeautySR","AI-Generated - Human Original","precleft",-0.0152109604999999,-0.2605183505,0.25032337625,NA,NA,NA,0.551,FALSE,"n.s."
"BeautySR","AI-Generated - Human Original","pex",-0.00245597586926312,-0.00702176690565419,0.000661774269185362,-0.245597586926312,-0.702176690565419,0.0661774269185362,0.941,FALSE,"n.s."
"BeautySR","AI-Generated - Human Original","bex",0.0489924315540883,-0.0635335901467746,0.169799034230683,4.89924315540883,-6.35335901467746,16.9799034230683,0.79575,FALSE,"n.s."
"BeautySR","AI-Generated - Human Original","pmid",0.00395128283529645,-0.00274954034126431,0.0112100748279587,0.395128283529645,-0.274954034126431,1.12100748279587,0.88425,FALSE,"n.s."
"BeautySR","Human Forgery - Human Original","response",-0.0345039210579806,-0.047829234578522,-0.0220193166790345,-3.45039210579806,-4.7829234578522,-2.20193166790345,1,TRUE,"Negative"
"BeautySR","Human Forgery - Human Original","mu",-0.0550025804030512,-0.0905090970856001,-0.0208057959064448,-5.50025804030512,-9.05090970856001,-2.08057959064448,0.9985,TRUE,"Negative"
"BeautySR","Human Forgery - Human Original","confright",-0.0430904121592984,-0.0551781091676395,-0.0309621118670979,-4.30904121592984,-5.51781091676395,-3.09621118670979,1,TRUE,"Negative"
"BeautySR","Human Forgery - Human Original","confleft",0.0212917039981459,0.00129149738511643,0.0414291304899737,2.12917039981459,0.129149738511643,4.14291304899737,0.982,TRUE,"Positive"
"BeautySR","Human Forgery - Human Original","precright",0.80336713,0.40800203975,1.24967809,NA,NA,NA,1,TRUE,"Positive"
"BeautySR","Human Forgery - Human Original","precleft",0.25454532,-0.0259389409999999,0.55116326475,NA,NA,NA,0.96375,FALSE,"n.s."
"BeautySR","Human Forgery - Human Original","pex",-0.0023514128519063,-0.00660920084421041,0.00068411226575897,-0.23514128519063,-0.660920084421041,0.068411226575897,0.937,FALSE,"n.s."
"BeautySR","Human Forgery - Human Original","bex",-0.00385926177083262,-0.0992036985416142,0.107910511637743,-0.385926177083262,-9.92036985416142,10.7910511637743,0.52425,FALSE,"n.s."
"BeautySR","Human Forgery - Human Original","pmid",-0.00229896689845012,-0.00904401671919232,0.00415988077135973,-0.229896689845012,-0.904401671919232,0.415988077135973,0.763,FALSE,"n.s."
"BeautySR","AI-Generated - Human Forgery","response",-0.034538120318,-0.0493037765087821,-0.0204295929035081,-3.4538120318,-4.93037765087821,-2.04295929035081,1,TRUE,"Negative"
"BeautySR","AI-Generated - Human Forgery","mu",-0.0811242884703108,-0.124019150981566,-0.0392524290403324,-8.11242884703108,-12.4019150981566,-3.92524290403324,1,TRUE,"Negative"
"BeautySR","AI-Generated - Human Forgery","confright",-0.0170261028766765,-0.0295999700699569,-0.00484829189915634,-1.70261028766765,-2.95999700699569,-0.484829189915634,0.9955,TRUE,"Negative"
"BeautySR","AI-Generated - Human Forgery","confleft",0.0192566905801521,-0.000550093706707126,0.0398776290470714,1.92566905801521,-0.0550093706707125,3.98776290470714,0.96925,FALSE,"n.s."
"BeautySR","AI-Generated - Human Forgery","precright",-0.0192360200000001,-0.48937119525,0.449102883,NA,NA,NA,0.5305,FALSE,"n.s."
"BeautySR","AI-Generated - Human Forgery","precleft",-0.27224079105,-0.57613973525,0.0123439435750004,NA,NA,NA,0.96875,FALSE,"n.s."
"BeautySR","AI-Generated - Human Forgery","pex",-8.7594954511216e-05,-0.00337701869113986,0.00331942104543446,-0.0087594954511216,-0.337701869113986,0.331942104543446,0.5225,FALSE,"n.s."
"BeautySR","AI-Generated - Human Forgery","bex",0.0504832949098589,-0.0924094888397331,0.191460760685312,5.04832949098589,-9.24094888397331,19.1460760685312,0.76225,FALSE,"n.s."
"BeautySR","AI-Generated - Human Forgery","pmid",0.00626720785304525,-0.00015109199832998,0.0134472584660121,0.626720785304525,-0.015109199832998,1.34472584660121,0.9715,FALSE,"n.s."
"BeautySRControl","AI-Generated - Human Original","response",-0.0659713865711186,-0.0802327250286417,-0.0518775617549195,-6.59713865711186,-8.02327250286417,-5.18775617549195,1,TRUE,"Negative"
"BeautySRControl","AI-Generated - Human Original","mu",-0.136980224204678,-0.179150398874943,-0.0940453657015369,-13.6980224204678,-17.9150398874943,-9.40453657015369,1,TRUE,"Negative"
"BeautySRControl","AI-Generated - Human Original","confright",-0.0555534479281233,-0.0680498019187473,-0.0435601507271378,-5.55534479281233,-6.80498019187473,-4.35601507271378,1,TRUE,"Negative"
"BeautySRControl","AI-Generated - Human Original","confleft",0.043474605926278,0.023053501572156,0.0634234794119277,4.3474605926278,2.3053501572156,6.34234794119277,1,TRUE,"Positive"
"BeautySRControl","AI-Generated - Human Original","precright",0.865381085,0.51442536775,1.2494992625,NA,NA,NA,1,TRUE,"Positive"
"BeautySRControl","AI-Generated - Human Original","precleft",-0.00394449694999999,-0.2803108025,0.2726486185,NA,NA,NA,0.51275,FALSE,"n.s."
"BeautySRControl","AI-Generated - Human Original","pex",-0.00208788405141115,-0.00597955625097453,0.000724878687562114,-0.208788405141115,-0.597955625097453,0.0724878687562114,0.9315,FALSE,"n.s."
"BeautySRControl","AI-Generated - Human Original","bex",0.0425923737431709,-0.0733605510395166,0.177004157031637,4.25923737431709,-7.33605510395166,17.7004157031637,0.75775,FALSE,"n.s."
"BeautySRControl","AI-Generated - Human Original","pmid",0.00401089916425535,-0.00276877767950763,0.0113596763188308,0.401089916425535,-0.276877767950763,1.13596763188308,0.8715,FALSE,"n.s."
"BeautySRControl","Human Forgery - Human Original","response",-0.0334281637186192,-0.0460775222731158,-0.0206167955294236,-3.34281637186192,-4.60775222731158,-2.06167955294236,1,TRUE,"Negative"
"BeautySRControl","Human Forgery - Human Original","mu",-0.0582797537186839,-0.0952740907096119,-0.0209863405968397,-5.82797537186839,-9.52740907096119,-2.09863405968397,0.9985,TRUE,"Negative"
"BeautySRControl","Human Forgery - Human Original","confright",-0.0380444949383481,-0.0496941374040501,-0.0263014866491996,-3.80444949383481,-4.96941374040501,-2.63014866491996,1,TRUE,"Negative"
"BeautySRControl","Human Forgery - Human Original","confleft",0.0237029441164328,0.00333589028108296,0.0434178377565845,2.37029441164328,0.333589028108296,4.34178377565845,0.98875,TRUE,"Positive"
"BeautySRControl","Human Forgery - Human Original","precright",0.7986084,0.38079642975,1.274630405,NA,NA,NA,1,TRUE,"Positive"
"BeautySRControl","Human Forgery - Human Original","precleft",0.363953045,0.0664996241999999,0.6790284015,NA,NA,NA,0.9925,TRUE,"Positive"
"BeautySRControl","Human Forgery - Human Original","pex",-0.00221489049666359,-0.00621199826971723,0.000475471707771225,-0.221489049666359,-0.621199826971723,0.0475471707771225,0.94525,FALSE,"n.s."
"BeautySRControl","Human Forgery - Human Original","bex",0.00015459145481965,-0.116079816331656,0.125963919399404,0.015459145481965,-11.6079816331656,12.5963919399404,0.50125,FALSE,"n.s."
"BeautySRControl","Human Forgery - Human Original","pmid",-0.00228340942194659,-0.00895773802800184,0.00426925165266131,-0.228340942194659,-0.895773802800184,0.426925165266131,0.756,FALSE,"n.s."
"BeautySRControl","AI-Generated - Human Forgery","response",-0.0327387431999991,-0.0479803782294753,-0.017955295004281,-3.27387431999991,-4.79803782294753,-1.7955295004281,1,TRUE,"Negative"
"BeautySRControl","AI-Generated - Human Forgery","mu",-0.0789830843282296,-0.124311835648378,-0.0339221622941136,-7.89830843282297,-12.4311835648378,-3.39221622941136,0.999,TRUE,"Negative"
"BeautySRControl","AI-Generated - Human Forgery","confright",-0.0176270351285258,-0.0304529746962691,-0.00587162326790871,-1.76270351285258,-3.04529746962691,-0.587162326790871,0.99675,TRUE,"Negative"
"BeautySRControl","AI-Generated - Human Forgery","confleft",0.0199373894655949,-0.00154217294091326,0.0408957673465986,1.99373894655949,-0.154217294091326,4.08957673465986,0.965,FALSE,"n.s."
"BeautySRControl","AI-Generated - Human Forgery","precright",0.0713338949999995,-0.484553924500001,0.569917198,NA,NA,NA,0.6095,FALSE,"n.s."
"BeautySRControl","AI-Generated - Human Forgery","precleft",-0.369387651,-0.71649762975,-0.0434407883749994,NA,NA,NA,0.9855,TRUE,"Negative"
"BeautySRControl","AI-Generated - Human Forgery","pex",0.000148257209731968,-0.00302317241971667,0.00337311562896078,0.0148257209731968,-0.302317241971667,0.337311562896078,0.54125,FALSE,"n.s."
"BeautySRControl","AI-Generated - Human Forgery","bex",0.0427927711411136,-0.11089018127928,0.203758371894986,4.27927711411136,-11.089018127928,20.3758371894986,0.7035,FALSE,"n.s."
"BeautySRControl","AI-Generated - Human Forgery","pmid",0.00633122976922713,-0.000301703410718682,0.0136259494792604,0.633122976922713,-0.0301703410718682,1.36259494792604,0.9695,FALSE,"n.s."
"BeautySRBetween","AI-Generated - Human Original","response",-0.0689588659359911,-0.0827407048730318,-0.0550353357869466,-6.89588659359911,-8.27407048730318,-5.50353357869466,1,TRUE,"Negative"
"BeautySRBetween","AI-Generated - Human Original","mu",-0.135717772927558,-0.174191768200551,-0.0943609944575492,-13.5717772927558,-17.4191768200551,-9.43609944575492,1,TRUE,"Negative"
"BeautySRBetween","AI-Generated - Human Original","confright",-0.0610784471195933,-0.0726516759432667,-0.0485118441225308,-6.10784471195933,-7.26516759432667,-4.85118441225308,1,TRUE,"Negative"
"BeautySRBetween","AI-Generated - Human Original","confleft",0.0402529588117157,0.0204353105929486,0.058158921172502,4.02529588117157,2.04353105929486,5.8158921172502,1,TRUE,"Positive"
"BeautySRBetween","AI-Generated - Human Original","precright",0.78806874,0.456692387,1.159544925,NA,NA,NA,1,TRUE,"Positive"
"BeautySRBetween","AI-Generated - Human Original","precleft",0.00337536724999987,-0.24427311675,0.25088711575,NA,NA,NA,0.511,FALSE,"n.s."
"BeautySRBetween","AI-Generated - Human Original","pex",-0.00256348956255962,-0.00693863452211419,0.00057124849082436,-0.256348956255962,-0.693863452211419,0.057124849082436,0.949,FALSE,"n.s."
"BeautySRBetween","AI-Generated - Human Original","bex",0.0544376477530566,-0.0548979658274797,0.179478262091217,5.44376477530566,-5.48979658274797,17.9478262091217,0.8225,FALSE,"n.s."
"BeautySRBetween","AI-Generated - Human Original","pmid",0.0038733789627581,-0.00298054607877584,0.010977177132045,0.38733789627581,-0.298054607877584,1.0977177132045,0.8595,FALSE,"n.s."
"BeautySRBetween","Human Forgery - Human Original","response",-0.0347952427330095,-0.0473828892674482,-0.0227870303264374,-3.47952427330095,-4.73828892674482,-2.27870303264374,1,TRUE,"Negative"
"BeautySRBetween","Human Forgery - Human Original","mu",-0.0548068273761191,-0.0893555232449568,-0.0210191364842307,-5.48068273761191,-8.93555232449568,-2.10191364842307,0.99925,TRUE,"Negative"
"BeautySRBetween","Human Forgery - Human Original","confright",-0.043817063647783,-0.0554230592287903,-0.0322995700154498,-4.3817063647783,-5.54230592287903,-3.22995700154498,1,TRUE,"Negative"
"BeautySRBetween","Human Forgery - Human Original","confleft",0.0204541744604132,0.0014186884489585,0.0408106160483383,2.04541744604132,0.14186884489585,4.08106160483383,0.9825,TRUE,"Positive"
"BeautySRBetween","Human Forgery - Human Original","precright",0.81545763,0.416820796,1.2533017325,NA,NA,NA,1,TRUE,"Positive"
"BeautySRBetween","Human Forgery - Human Original","precleft",0.27029046,0.0123282922000002,0.556375242,NA,NA,NA,0.98,TRUE,"Positive"
"BeautySRBetween","Human Forgery - Human Original","pex",-0.00227957310638069,-0.00700210475689799,0.000896938765772964,-0.227957310638069,-0.700210475689799,0.0896938765772964,0.92475,FALSE,"n.s."
"BeautySRBetween","Human Forgery - Human Original","bex",-0.00067039217640065,-0.103327671415812,0.110131457523845,-0.067039217640065,-10.3327671415812,11.0131457523845,0.5065,FALSE,"n.s."
"BeautySRBetween","Human Forgery - Human Original","pmid",-0.00194721083478967,-0.00847979457521225,0.00463300228606116,-0.194721083478967,-0.847979457521225,0.463300228606117,0.7125,FALSE,"n.s."
"BeautySRBetween","AI-Generated - Human Forgery","response",-0.0341599983497281,-0.0485401132315544,-0.0199155217303284,-3.41599983497281,-4.85401132315544,-1.99155217303284,1,TRUE,"Negative"
"BeautySRBetween","AI-Generated - Human Forgery","mu",-0.0809542397113137,-0.121518817112758,-0.0383224211697879,-8.09542397113137,-12.1518817112758,-3.83224211697879,0.99975,TRUE,"Negative"
"BeautySRBetween","AI-Generated - Human Forgery","confright",-0.0170834253181842,-0.0291366660558354,-0.00522046950304488,-1.70834253181842,-2.91366660558354,-0.522046950304488,0.99725,TRUE,"Negative"
"BeautySRBetween","AI-Generated - Human Forgery","confleft",0.0193197781463767,-0.00125609289665011,0.0394942499923775,1.93197781463767,-0.125609289665011,3.94942499923775,0.968,FALSE,"n.s."
"BeautySRBetween","AI-Generated - Human Forgery","precright",-0.0146300349999997,-0.519235775749999,0.44067751925,NA,NA,NA,0.52425,FALSE,"n.s."
"BeautySRBetween","AI-Generated - Human Forgery","precleft",-0.2682993285,-0.57491755585,0.0140249933750003,NA,NA,NA,0.96775,FALSE,"n.s."
"BeautySRBetween","AI-Generated - Human Forgery","pex",-0.000202306513985694,-0.00373154990628022,0.00316107406674463,-0.0202306513985694,-0.373154990628022,0.316107406674463,0.5525,FALSE,"n.s."
"BeautySRBetween","AI-Generated - Human Forgery","bex",0.0540176806353133,-0.089904306574825,0.208176845147646,5.40176806353133,-8.9904306574825,20.8176845147646,0.7725,FALSE,"n.s."
"BeautySRBetween","AI-Generated - Human Forgery","pmid",0.00570226266887753,-0.00124055767597583,0.0132072356312777,0.570226266887753,-0.124055767597583,1.32072356312777,0.94325,FALSE,"n.s."
"MeaningSR","AI-Generated - Human Original","response",-0.548191789576588,-0.658867046939389,-0.446839141026198,-9.13652982627647,-10.9811174489898,-7.4473190171033,1,TRUE,"Negative"
"MeaningSR","AI-Generated - Human Original","mu",-0.0762387097766379,-0.0922532777758836,-0.0607453036007075,-7.62387097766379,-9.22532777758836,-6.07453036007075,1,TRUE,"Negative"
"MeaningSR","AI-Generated - Human Original","phi",-0.210019395217397,-0.55813475811947,0.127102382108744,NA,NA,NA,0.8775,FALSE,"n.s."
"MeaningSR","AI-Generated - Human Original","pzero",0.0445089396489418,0.0250499931795734,0.0716816586925523,4.45089396489418,2.50499931795734,7.16816586925523,1,TRUE,"Positive"
"MeaningSR","Human Forgery - Human Original","response",-0.249853410276265,-0.320517023728224,-0.176624287856997,-4.16422350460442,-5.34195039547039,-2.94373813094994,1,TRUE,"Negative"
"MeaningSR","Human Forgery - Human Original","mu",-0.0374662843609023,-0.0486416160959444,-0.0260603517881559,-3.74662843609023,-4.86416160959444,-2.60603517881559,1,TRUE,"Negative"
"MeaningSR","Human Forgery - Human Original","phi",-0.0118788017246592,-0.3613634025408,0.355652239466788,NA,NA,NA,0.5255,FALSE,"n.s."
"MeaningSR","Human Forgery - Human Original","pzero",0.0124590425214448,0.00223270490562547,0.0248738774519272,1.24590425214448,0.223270490562547,2.48738774519272,0.9925,TRUE,"Positive"
"MeaningSR","AI-Generated - Human Forgery","response",-0.29901527415965,-0.4036038017589,-0.201821726541574,-4.98358790266084,-6.726730029315,-3.36369544235957,1,TRUE,"Negative"
"MeaningSR","AI-Generated - Human Forgery","mu",-0.0387995012224273,-0.0537868825592781,-0.0241474324513389,-3.87995012224273,-5.37868825592781,-2.41474324513389,1,TRUE,"Negative"
"MeaningSR","AI-Generated - Human Forgery","phi",-0.195974369328278,-0.573652653340882,0.161879839347918,NA,NA,NA,0.85675,FALSE,"n.s."
"MeaningSR","AI-Generated - Human Forgery","pzero",0.0318628476378443,0.0128415302084412,0.0570869335284017,3.18628476378443,1.28415302084412,5.70869335284017,1,TRUE,"Positive"
"RealitySR","AI-Generated - Human Original","response",-0.0356989211513894,-0.0542370005941924,-0.0176474398424691,-3.56989211513894,-5.42370005941924,-1.76474398424691,0.999,TRUE,"Negative"
"RealitySR","AI-Generated - Human Original","mu",-0.0484968991365077,-0.0785761929608083,-0.0188168378903938,-4.84968991365077,-7.85761929608083,-1.88168378903938,0.99775,TRUE,"Negative"
"RealitySR","AI-Generated - Human Original","confright",-0.0194000166754893,-0.0320163183373034,-0.00721021205692178,-1.94000166754893,-3.20163183373034,-0.721021205692178,0.999,TRUE,"Negative"
"RealitySR","AI-Generated - Human Original","confleft",0.00900027664274394,-0.00547597170803923,0.0233469920895199,0.900027664274394,-0.547597170803923,2.33469920895199,0.8975,FALSE,"n.s."
"RealitySR","AI-Generated - Human Original","precright",-0.281232455,-0.54383320225,-0.0199643853999996,NA,NA,NA,0.985,TRUE,"Negative"
"RealitySR","AI-Generated - Human Original","precleft",-0.12808848,-0.414268759,0.15023887275,NA,NA,NA,0.8115,FALSE,"n.s."
"RealitySR","AI-Generated - Human Original","pex",0.00191172857365914,0.000203970102892201,0.00505927386555884,0.191172857365914,0.0203970102892201,0.505927386555884,0.9885,TRUE,"Positive"
"RealitySR","AI-Generated - Human Original","bex",-0.0525152186218668,-0.137873505680734,0.0362438675146694,-5.25152186218668,-13.7873505680734,3.62438675146694,0.878,FALSE,"n.s."
"RealitySR","AI-Generated - Human Original","pmid",-0.00021797483557456,-0.0018713191069814,0.00135803130277141,-0.021797483557456,-0.18713191069814,0.135803130277141,0.6245,FALSE,"n.s."
"RealitySR","Human Forgery - Human Original","response",-0.00471995096901234,-0.022139890284247,0.0122686999633525,-0.471995096901234,-2.2139890284247,1.22686999633525,0.70875,FALSE,"n.s."
"RealitySR","Human Forgery - Human Original","mu",-0.00331772695807409,-0.0325215225579152,0.0248991394634398,-0.331772695807409,-3.25215225579152,2.48991394634398,0.594,FALSE,"n.s."
"RealitySR","Human Forgery - Human Original","confright",-0.00415561103068268,-0.0165264786694209,0.00787271533077763,-0.415561103068268,-1.65264786694209,0.787271533077763,0.7545,FALSE,"n.s."
"RealitySR","Human Forgery - Human Original","confleft",0.00807117678657632,-0.00667427007470344,0.022404743026657,0.807117678657632,-0.667427007470344,2.2404743026657,0.86625,FALSE,"n.s."
"RealitySR","Human Forgery - Human Original","precright",-0.022722495,-0.285483474,0.241972905500001,NA,NA,NA,0.5665,FALSE,"n.s."
"RealitySR","Human Forgery - Human Original","precleft",0.16224884,-0.1261447905,0.44499073375,NA,NA,NA,0.865,FALSE,"n.s."
"RealitySR","Human Forgery - Human Original","pex",-0.000137805544190278,-0.0018830659019279,0.00146273509280051,-0.0137805544190278,-0.18830659019279,0.146273509280051,0.5785,FALSE,"n.s."
"RealitySR","Human Forgery - Human Original","bex",0.0129241079863864,-0.0785561976685435,0.100710683070982,1.29241079863864,-7.85561976685435,10.0710683070981,0.602,FALSE,"n.s."
"RealitySR","Human Forgery - Human Original","pmid",-0.000901067148076192,-0.00264412358320501,0.000496415763363608,-0.0901067148076192,-0.264412358320501,0.0496415763363608,0.899,FALSE,"n.s."
"RealitySR","AI-Generated - Human Forgery","response",-0.0309747670543883,-0.0497594367402436,-0.0122759247350772,-3.09747670543883,-4.97594367402436,-1.22759247350772,0.99925,TRUE,"Negative"
"RealitySR","AI-Generated - Human Forgery","mu",-0.0451407051385815,-0.0759793016698184,-0.0137256226234826,-4.51407051385815,-7.59793016698184,-1.37256226234826,0.99675,TRUE,"Negative"
"RealitySR","AI-Generated - Human Forgery","confright",-0.0152477127818817,-0.0278374031562828,-0.00291874571282848,-1.52477127818817,-2.78374031562828,-0.291874571282848,0.9895,TRUE,"Negative"
"RealitySR","AI-Generated - Human Forgery","confleft",0.000915033086696826,-0.0138823011350591,0.0161124257849171,0.0915033086696826,-1.38823011350591,1.61124257849171,0.5465,FALSE,"n.s."
"RealitySR","AI-Generated - Human Forgery","precright",-0.2593726025,-0.522250184749999,0.00603958259999958,NA,NA,NA,0.971,FALSE,"n.s."
"RealitySR","AI-Generated - Human Forgery","precleft",-0.2927398055,-0.57452087411,0.00407608684999988,NA,NA,NA,0.9725,FALSE,"n.s."
"RealitySR","AI-Generated - Human Forgery","pex",0.00203466901051581,0.000267231204475717,0.00536689748099137,0.203466901051581,0.0267231204475717,0.536689748099137,0.99,TRUE,"Positive"
"RealitySR","AI-Generated - Human Forgery","bex",-0.0640444818540429,-0.155212695791505,0.0284422738693556,-6.40444818540429,-15.5212695791505,2.84422738693556,0.90725,FALSE,"n.s."
"RealitySR","AI-Generated - Human Forgery","pmid",0.000680817550771119,-0.000845889097315144,0.00239720031772114,0.0680817550771119,-0.0845889097315144,0.239720031772114,0.822,FALSE,"n.s."
"AuthenticitySR","AI-Generated - Human Original","response",-0.00421827502262612,-0.0187159727276042,0.0107283628333432,-0.421827502262612,-1.87159727276042,1.07283628333432,0.719,FALSE,"n.s."
"AuthenticitySR","AI-Generated - Human Original","mu",-0.0054810324754675,-0.0303558846591896,0.0199447526937369,-0.54810324754675,-3.03558846591896,1.99447526937369,0.67075,FALSE,"n.s."
"AuthenticitySR","AI-Generated - Human Original","confright",-0.00717536176824024,-0.0190642732417075,0.0050696270917874,-0.717536176824024,-1.90642732417075,0.50696270917874,0.88125,FALSE,"n.s."
"AuthenticitySR","AI-Generated - Human Original","confleft",-0.00632590109788064,-0.023870549314996,0.0109949765961577,-0.632590109788064,-2.3870549314996,1.09949765961577,0.7545,FALSE,"n.s."
"AuthenticitySR","AI-Generated - Human Original","precright",0.0758461305,-0.14769124475,0.290360229,NA,NA,NA,0.7455,FALSE,"n.s."
"AuthenticitySR","AI-Generated - Human Original","precleft",0.077349731,-0.22892103375,0.4113225165,NA,NA,NA,0.6885,FALSE,"n.s."
"AuthenticitySR","AI-Generated - Human Original","pex",0.000999107721773873,-0.000841210404523116,0.00377123071948337,0.0999107721773873,-0.0841210404523116,0.377123071948337,0.85325,FALSE,"n.s."
"AuthenticitySR","AI-Generated - Human Original","bex",0.0138237325116428,-0.0858843797975625,0.107613869904069,1.38237325116428,-8.58843797975625,10.7613869904069,0.60125,FALSE,"n.s."
"AuthenticitySR","AI-Generated - Human Original","pmid",-0.000435884485710501,-0.00198678455493748,0.000905253835680541,-0.0435884485710501,-0.198678455493748,0.0905253835680541,0.7495,FALSE,"n.s."
"AuthenticitySR","Human Forgery - Human Original","response",-0.0164091914796489,-0.0311875864348602,-0.00125018693159059,-1.64091914796489,-3.11875864348602,-0.125018693159059,0.98075,TRUE,"Negative"
"AuthenticitySR","Human Forgery - Human Original","mu",-0.0281803394777798,-0.0536787496364558,-0.00130326758196398,-2.81803394777798,-5.36787496364558,-0.130326758196398,0.98075,TRUE,"Negative"
"AuthenticitySR","Human Forgery - Human Original","confright",9.27867794675574e-05,-0.0116004214824839,0.0119950544392206,0.00927867794675574,-1.16004214824839,1.19950544392206,0.5055,FALSE,"n.s."
"AuthenticitySR","Human Forgery - Human Original","confleft",0.00496448994891158,-0.0120371842490181,0.0221684115977118,0.496448994891158,-1.20371842490181,2.21684115977118,0.71875,FALSE,"n.s."
"AuthenticitySR","Human Forgery - Human Original","precright",0.1716262,-0.0511920576500002,0.38887577,NA,NA,NA,0.934,FALSE,"n.s."
"AuthenticitySR","Human Forgery - Human Original","precleft",-0.0608787489999998,-0.3615786365,0.24908173475,NA,NA,NA,0.655,FALSE,"n.s."
"AuthenticitySR","Human Forgery - Human Original","pex",5.60823409408791e-05,-0.00198912872306139,0.00208381799220603,0.00560823409408791,-0.198912872306139,0.208381799220603,0.527,FALSE,"n.s."
"AuthenticitySR","Human Forgery - Human Original","bex",-0.0273932832175266,-0.126819706909514,0.0677278206972532,-2.73932832175266,-12.6819706909514,6.77278206972532,0.72225,FALSE,"n.s."
"AuthenticitySR","Human Forgery - Human Original","pmid",-0.000104374173450402,-0.00161525297619722,0.00132566461395904,-0.0104374173450402,-0.161525297619722,0.132566461395904,0.56375,FALSE,"n.s."
"AuthenticitySR","AI-Generated - Human Forgery","response",0.012174220078697,-0.00271830548344565,0.027071958126225,1.2174220078697,-0.271830548344565,2.7071958126225,0.943,FALSE,"n.s."
"AuthenticitySR","AI-Generated - Human Forgery","mu",0.0227136564244189,-0.00352663836756398,0.0487552227050455,2.27136564244189,-0.352663836756398,4.87552227050455,0.9545,FALSE,"n.s."
"AuthenticitySR","AI-Generated - Human Forgery","confright",-0.00728835285561802,-0.0193776944555775,0.00495605103716626,-0.728835285561802,-1.93776944555775,0.495605103716626,0.887,FALSE,"n.s."
"AuthenticitySR","AI-Generated - Human Forgery","confleft",-0.0111586412650189,-0.0289031259657031,0.00725175975240341,-1.11586412650189,-2.89031259657031,0.72517597524034,0.88025,FALSE,"n.s."
"AuthenticitySR","AI-Generated - Human Forgery","precright",-0.0972426144999998,-0.33866786905,0.140564676525,NA,NA,NA,0.7805,FALSE,"n.s."
"AuthenticitySR","AI-Generated - Human Forgery","precleft",0.143268469,-0.178310262375,0.465817100250001,NA,NA,NA,0.803,FALSE,"n.s."
"AuthenticitySR","AI-Generated - Human Forgery","pex",0.000933921115151482,-0.00108654122686877,0.00383671702672238,0.0933921115151482,-0.108654122686877,0.383671702672238,0.83975,FALSE,"n.s."
"AuthenticitySR","AI-Generated - Human Forgery","bex",0.0418505883032315,-0.0587953231178348,0.135951303447895,4.18505883032315,-5.87953231178348,13.5951303447895,0.79175,FALSE,"n.s."
"AuthenticitySR","AI-Generated - Human Forgery","pmid",-0.000338300988135694,-0.00186441788398705,0.000997793004074697,-0.0338300988135694,-0.186441788398705,0.0997793004074697,0.70425,FALSE,"n.s."
"ArtificialitySR","New - Old","response",-0.00773867617858359,-0.0386230353037131,0.0250980978501058,-0.773867617858359,-3.86230353037131,2.50980978501058,0.68375,FALSE,"n.s."
"ArtificialitySR","New - Old","mu",-0.0207424682809259,-0.0923050419240655,0.0558401602070174,-2.07424682809259,-9.23050419240655,5.58401602070174,0.7085,FALSE,"n.s."
"ArtificialitySR","New - Old","confright",0.00427970112120163,-0.0176087960614841,0.0237634502937916,0.427970112120163,-1.76087960614841,2.37634502937916,0.662,FALSE,"n.s."
"ArtificialitySR","New - Old","confleft",0.000314330062897716,-0.015010143206017,0.0161814965667271,0.0314330062897716,-1.5010143206017,1.61814965667271,0.51825,FALSE,"n.s."
"ArtificialitySR","New - Old","precright",-0.18234734,-0.44920168725,0.0508835125250001,NA,NA,NA,0.93875,FALSE,"n.s."
"ArtificialitySR","New - Old","precleft",-0.0225220850000001,-0.2887166615,0.25708905725,NA,NA,NA,0.5655,FALSE,"n.s."
"ArtificialitySR","New - Old","pex",-0.00166258790256082,-0.0077379965906364,0.00355070908591075,-0.166258790256082,-0.77379965906364,0.355070908591075,0.72575,FALSE,"n.s."
"ArtificialitySR","New - Old","bex",-0.0294640537944011,-0.0968018271035405,0.0362675793040689,-2.94640537944011,-9.68018271035405,3.62675793040689,0.808,FALSE,"n.s."
"ArtificialitySR","New - Old","pmid",0.000173164543261988,-0.00169731929459876,0.00198090864887141,0.0173164543261988,-0.169731929459876,0.198090864887141,0.5725,FALSE,"n.s."
