"Model","Parameter","Contrast","At","Moderator","Median","CI_low","CI_high","pd","Table"
"BeautySR","response","AI-Generated - Human Original","Low",-0.227550940030373,-6.48188164228029,-8.25342688646727,-4.64973401586386,1,"Gap"
"BeautySR","response","AI-Generated - Human Original","Average",0,-6.91221061672021,-8.31638576693064,-5.45468941476984,1,"Gap"
"BeautySR","response","AI-Generated - Human Original","High",0.227550940030373,-6.34934933362078,-8.1167857113708,-4.69045136498434,1,"Gap"
"BeautySR","response","AI-Generated - Human Original","High - Low",NA,0.1590731954908,-2.30633933463876,2.48738748878264,0.5535,"Gap"
"BeautySR","response","Human Forgery - Human Original","Low",-0.227550940030373,-3.23515367141184,-4.87106275072159,-1.45356493287253,0.99975,"Gap"
"BeautySR","response","Human Forgery - Human Original","Average",0,-3.45039210579806,-4.76174465261992,-2.19372019849198,1,"Gap"
"BeautySR","response","Human Forgery - Human Original","High",0.227550940030373,-3.61962584871012,-5.04047154689142,-2.06927442866015,1,"Gap"
"BeautySR","response","Human Forgery - Human Original","High - Low",NA,-0.382166438353934,-2.5897507708321,1.84170459974504,0.6325,"Gap"
"BeautySR","response","AI-Generated - Human Forgery","Low",-0.227550940030373,-3.2573309541724,-5.12023957907267,-1.54304991678001,1,"Gap"
"BeautySR","response","AI-Generated - Human Forgery","Average",0,-3.4538120318,-4.93233297527652,-2.04810635249176,1,"Gap"
"BeautySR","response","AI-Generated - Human Forgery","High",0.227550940030373,-2.71276406420832,-4.72938103996781,-1.10624781899802,0.9995,"Gap"
"BeautySR","response","AI-Generated - Human Forgery","High - Low",NA,0.524133726009407,-2.0432191143727,2.94194849853363,0.66925,"Gap"
"BeautySR","response","Human Original",NA,NA,3.15099689641057,2.6002822383957,3.63561998475948,1,"SR slope"
"BeautySR","response","Human Forgery",NA,NA,3.0834233266307,2.55393225715261,3.60049729190426,1,"SR slope"
"BeautySR","response","AI-Generated",NA,NA,3.22131746714938,2.73028743664772,3.75688212994446,1,"SR slope"
"BeautySR","response","AI-Generated - Human Original",NA,NA,0.082468666122909,-0.531649808062862,0.639173253661751,0.6075,"SR slope"
"BeautySR","response","Human Forgery - Human Original",NA,NA,-0.0624720130386336,-0.577200465783023,0.491401360275034,0.588,"SR slope"
"BeautySR","response","AI-Generated - Human Forgery",NA,NA,0.140697819864255,-0.517150718097659,0.707212972325788,0.683,"SR slope"
"BeautySR","mu","AI-Generated - Human Original","Low",-0.227550940030373,-14.6576179953023,-19.7794738991314,-9.93668063264015,1,"Gap"
"BeautySR","mu","AI-Generated - Human Original","Average",0,-13.6158444031062,-17.833345723235,-9.80611549903028,1,"Gap"
"BeautySR","mu","AI-Generated - Human Original","High",0.227550940030373,-9.63662925068359,-14.376570060737,-4.83250965710884,1,"Gap"
"BeautySR","mu","AI-Generated - Human Original","High - Low",NA,4.96517504948422,-1.85990414375778,11.6370535749448,0.922,"Gap"
"BeautySR","mu","Human Forgery - Human Original","Low",-0.227550940030373,-6.22677277561715,-10.8742097645652,-1.5249269925585,0.99425,"Gap"
"BeautySR","mu","Human Forgery - Human Original","Average",0,-5.50025804030513,-8.91355110471517,-1.99876559583897,0.9985,"Gap"
"BeautySR","mu","Human Forgery - Human Original","High",0.227550940030373,-3.77939301911999,-7.98694968091064,0.051100077579691,0.97275,"Gap"
"BeautySR","mu","Human Forgery - Human Original","High - Low",NA,2.35546007431901,-4.2471675681762,8.27492403862648,0.782,"Gap"
"BeautySR","mu","AI-Generated - Human Forgery","Low",-0.227550940030373,-8.50689626187222,-13.415706274854,-3.56301744462033,0.99975,"Gap"
"BeautySR","mu","AI-Generated - Human Forgery","Average",0,-8.11242884703108,-12.2968775013854,-3.86900297504104,1,"Gap"
"BeautySR","mu","AI-Generated - Human Forgery","High",0.227550940030373,-5.83165153738425,-10.8183619226106,-0.856808199873316,0.9925,"Gap"
"BeautySR","mu","AI-Generated - Human Forgery","High - Low",NA,2.67488780371901,-4.69894947956038,9.1065527743568,0.77775,"Gap"
"BeautySR","mu","Human Original",NA,NA,7.05556128117418,5.63884509671353,8.65073121142901,1,"SR slope"
"BeautySR","mu","Human Forgery",NA,NA,7.64832364324208,6.18444185627809,9.08433304084322,1,"SR slope"
"BeautySR","mu","AI-Generated",NA,NA,8.32336907680423,6.8621385859492,9.72641904907529,1,"SR slope"
"BeautySR","mu","AI-Generated - Human Original",NA,NA,1.27068421320511,-0.427912626486394,2.95863522247319,0.9245,"SR slope"
"BeautySR","mu","Human Forgery - Human Original",NA,NA,0.59754856005273,-0.904936211365558,2.15106332088799,0.7895,"SR slope"
"BeautySR","mu","AI-Generated - Human Forgery",NA,NA,0.684836128913374,-1.10455946498672,2.35591909588007,0.78125,"SR slope"
"BeautySR","confright","AI-Generated - Human Original","Low",-0.227550940030373,-5.20726269501069,-6.79337433886797,-3.48801535272589,1,"Gap"
"BeautySR","confright","AI-Generated - Human Original","Average",0,-6.01646663095505,-7.24617280936941,-4.84846708447904,1,"Gap"
"BeautySR","confright","AI-Generated - Human Original","High",0.227550940030373,-6.85971354596411,-8.29345873220818,-5.30010318874786,1,"Gap"
"BeautySR","confright","AI-Generated - Human Original","High - Low",NA,-1.65237598426014,-3.72677829743649,0.238241729806787,0.944,"Gap"
"BeautySR","confright","Human Forgery - Human Original","Low",-0.227550940030373,-2.85541161489872,-4.40989531392963,-1.14860332250066,0.999,"Gap"
"BeautySR","confright","Human Forgery - Human Original","Average",0,-4.30904121592984,-5.58149392983752,-3.16313474816768,1,"Gap"
"BeautySR","confright","Human Forgery - Human Original","High",0.227550940030373,-5.89527715177758,-7.51523302168008,-4.44309744025594,1,"Gap"
"BeautySR","confright","Human Forgery - Human Original","High - Low",NA,-2.98482605350062,-5.26938168332362,-0.992364784254584,0.9985,"Gap"
"BeautySR","confright","AI-Generated - Human Forgery","Low",-0.227550940030373,-2.31664670225843,-3.96970188646228,-0.665507324778911,0.99625,"Gap"
"BeautySR","confright","AI-Generated - Human Forgery","Average",0,-1.70261028766765,-2.91836140594329,-0.456437224515449,0.9955,"Gap"
"BeautySR","confright","AI-Generated - Human Forgery","High",0.227550940030373,-0.960511340798006,-2.55905521299819,0.582774889128829,0.88025,"Gap"
"BeautySR","confright","AI-Generated - Human Forgery","High - Low",NA,1.3834279813027,-0.773279578848776,3.50642018571533,0.901,"Gap"
"BeautySR","confright","Human Original",NA,NA,1.87610885445078,1.4316566651314,2.22450557155945,1,"SR slope"
"BeautySR","confright","Human Forgery",NA,NA,1.20706922342925,0.828678441913033,1.58009164433359,1,"SR slope"
"BeautySR","confright","AI-Generated",NA,NA,1.51228702780035,1.12127210983232,1.88248993701884,1,"SR slope"
"BeautySR","confright","AI-Generated - Human Original",NA,NA,-0.365943717090977,-0.786039673917049,0.0889512115157811,0.9445,"SR slope"
"BeautySR","confright","Human Forgery - Human Original",NA,NA,-0.658700110850591,-1.16390930161214,-0.220353540441198,0.9985,"SR slope"
"BeautySR","confright","AI-Generated - Human Forgery",NA,NA,0.304439354893188,-0.170303730957,0.771952577932666,0.901,"SR slope"
"BeautySR","confleft","AI-Generated - Human Original","Low",-0.227550940030373,3.11222353522017,0.845664207609986,5.41217173122989,0.9955,"Gap"
"BeautySR","confleft","AI-Generated - Human Original","Average",0,4.04604391074287,2.09637769910584,5.82052280919448,1,"Gap"
"BeautySR","confleft","AI-Generated - Human Original","High",0.227550940030373,4.98514778285778,2.12209791017296,7.94400093847313,1,"Gap"
"BeautySR","confleft","AI-Generated - Human Original","High - Low",NA,1.89619454199026,-1.781936454244,5.46052593074771,0.83675,"Gap"
"BeautySR","confleft","Human Forgery - Human Original","Low",-0.227550940030373,2.55281758238762,0.20175205078618,5.12257946442914,0.97825,"Gap"
"BeautySR","confleft","Human Forgery - Human Original","Average",0,2.12917039981458,0.225697048353068,4.20310458097941,0.982,"Gap"
"BeautySR","confleft","Human Forgery - Human Original","High",0.227550940030373,1.71168725733781,-1.0845548209236,5.00017865310265,0.86425,"Gap"
"BeautySR","confleft","Human Forgery - Human Original","High - Low",NA,-0.849878825356801,-4.56972050447072,2.95798456650472,0.6745,"Gap"
"BeautySR","confleft","AI-Generated - Human Forgery","Low",-0.227550940030373,0.539083792219255,-1.96798934142949,2.9386763497511,0.66425,"Gap"
"BeautySR","confleft","AI-Generated - Human Forgery","Average",0,1.92566905801521,-0.109856914550555,3.92354035010659,0.96925,"Gap"
"BeautySR","confleft","AI-Generated - Human Forgery","High",0.227550940030373,3.22860020705305,0.0936968778415759,6.62455568019525,0.97525,"Gap"
"BeautySR","confleft","AI-Generated - Human Forgery","High - Low",NA,2.74851146132257,-1.37525458821518,6.69597006076472,0.8965,"Gap"
"BeautySR","confleft","Human Original",NA,NA,-1.21773681144494,-1.84196702617118,-0.606544363866979,0.99975,"SR slope"
"BeautySR","confleft","Human Forgery",NA,NA,-1.4036884605633,-2.11540455443204,-0.698033445822699,1,"SR slope"
"BeautySR","confleft","AI-Generated",NA,NA,-0.798605418163845,-1.49024827204919,-0.156334402686087,0.99075,"SR slope"
"BeautySR","confleft","AI-Generated - Human Original",NA,NA,0.417641257447116,-0.390291071280469,1.20478879141872,0.83675,"SR slope"
"BeautySR","confleft","Human Forgery - Human Original",NA,NA,-0.18764660812759,-1.00636070292459,0.652318371939409,0.6745,"SR slope"
"BeautySR","confleft","AI-Generated - Human Forgery",NA,NA,0.605396893051169,-0.302689381023513,1.47482059473192,0.8965,"SR slope"
"BeautySRControl","response","AI-Generated - Human Original","Low",-0.227550940030373,-6.99952818943752,-8.83405322053731,-5.06177891254752,1,"Gap"
"BeautySRControl","response","AI-Generated - Human Original","Average",0,-6.59713865711186,-8.07011780557622,-5.24333125009752,1,"Gap"
"BeautySRControl","response","AI-Generated - Human Original","High",0.227550940030373,-6.00116710190473,-7.93359340721262,-4.04057705917865,1,"Gap"
"BeautySRControl","response","AI-Generated - Human Original","High - Low",NA,0.986578906648411,-1.62597906168788,3.53800135946341,0.76925,"Gap"
"BeautySRControl","response","Human Forgery - Human Original","Low",-0.227550940030373,-3.31082670357257,-5.09795739474929,-1.57821154798234,1,"Gap"
"BeautySRControl","response","Human Forgery - Human Original","Average",0,-3.34281637186192,-4.59517398316409,-2.05564991015256,1,"Gap"
"BeautySRControl","response","Human Forgery - Human Original","High",0.227550940030373,-3.3959762674789,-5.07624735286117,-1.54318791330481,1,"Gap"
"BeautySRControl","response","Human Forgery - Human Original","High - Low",NA,-0.079355010083787,-2.62931575386674,2.35931300370009,0.523,"Gap"
"BeautySRControl","response","AI-Generated - Human Forgery","Low",-0.227550940030373,-3.71231635225792,-5.68267587477493,-1.72717605508567,0.99975,"Gap"
"BeautySRControl","response","AI-Generated - Human Forgery","Average",0,-3.27387431999991,-4.767578184997,-1.77776244193273,1,"Gap"
"BeautySRControl","response","AI-Generated - Human Forgery","High",0.227550940030373,-2.58543819648429,-4.57567983113119,-0.424696115938361,0.99325,"Gap"
"BeautySRControl","response","AI-Generated - Human Forgery","High - Low",NA,1.10379007183082,-1.52923404048375,4.15412001344074,0.782,"Gap"
"BeautySRControl","response","Human Original",NA,NA,1.07534937141734,0.656506724500239,1.52724369339763,1,"SR slope"
"BeautySRControl","response","Human Forgery",NA,NA,1.0576538436402,0.587837805944291,1.52358023983684,1,"SR slope"
"BeautySRControl","response","AI-Generated",NA,NA,1.30295526379273,0.806251184200912,1.83401833051233,1,"SR slope"
"BeautySRControl","response","AI-Generated - Human Original",NA,NA,0.226498035285017,-0.35283522151669,0.80643702726213,0.77475,"SR slope"
"BeautySRControl","response","Human Forgery - Human Original",NA,NA,-0.0140678732646893,-0.591412416383275,0.520508720689539,0.51725,"SR slope"
"BeautySRControl","response","AI-Generated - Human Forgery",NA,NA,0.248315295244078,-0.342836512668643,0.937713178948751,0.78325,"SR slope"
"BeautySRControl","response","Human Original",NA,NA,4.85223332064144,4.19633622751028,5.52422772949699,1,"Beauty2 slope"
"BeautySRControl","response","Human Forgery",NA,NA,4.85786467234077,4.218322741749,5.58072121141852,1,"Beauty2 slope"
"BeautySRControl","response","AI-Generated",NA,NA,4.71598571958141,4.03020323973334,5.32234716987978,1,"Beauty2 slope"
"BeautySRControl","response","AI-Generated - Human Original",NA,NA,-0.139768812101726,-0.855446226321694,0.540113440316831,0.648,"Beauty2 slope"
"BeautySRControl","response","Human Forgery - Human Original",NA,NA,0.0059939184744926,-0.642548004523302,0.595785893639406,0.50825,"Beauty2 slope"
"BeautySRControl","response","AI-Generated - Human Forgery",NA,NA,-0.149538307618382,-0.925505861144472,0.506557091873765,0.656,"Beauty2 slope"
"BeautySRControl","mu","AI-Generated - Human Original","Low",-0.227550940030373,-16.9246989896718,-22.7478260051264,-11.2768280777766,1,"Gap"
"BeautySRControl","mu","AI-Generated - Human Original","Average",0,-13.6980224204678,-17.9374631835949,-9.4459652532427,1,"Gap"
"BeautySRControl","mu","AI-Generated - Human Original","High",0.227550940030373,-10.1180551056889,-16.1114779685243,-4.80275037810298,1,"Gap"
"BeautySRControl","mu","AI-Generated - Human Original","High - Low",NA,6.8439018159033,-0.778234298212555,14.4310497078202,0.96,"Gap"
"BeautySRControl","mu","Human Forgery - Human Original","Low",-0.227550940030373,-6.95800759949897,-12.2622864345989,-1.7171779091069,0.993,"Gap"
"BeautySRControl","mu","Human Forgery - Human Original","Average",0,-5.8279753718684,-9.48682706736473,-2.06025960131541,0.9985,"Gap"
"BeautySRControl","mu","Human Forgery - Human Original","High",0.227550940030373,-4.63896877932579,-10.0482885335892,0.154700506088468,0.9665,"Gap"
"BeautySRControl","mu","Human Forgery - Human Original","High - Low",NA,2.23493362959539,-4.8498026130356,10.0196234366022,0.7105,"Gap"
"BeautySRControl","mu","AI-Generated - Human Forgery","Low",-0.227550940030373,-10.0604935326422,-16.3583003193593,-4.21880303659443,0.9995,"Gap"
"BeautySRControl","mu","AI-Generated - Human Forgery","Average",0,-7.89830843282296,-12.5275939891711,-3.51796572327762,0.999,"Gap"
"BeautySRControl","mu","AI-Generated - Human Forgery","High",0.227550940030373,-5.37079370153359,-11.4260519570151,1.16292638511968,0.95825,"Gap"
"BeautySRControl","mu","AI-Generated - Human Forgery","High - Low",NA,4.67378156320797,-4.58779978721167,13.0799544557971,0.8555,"Gap"
"BeautySRControl","mu","Human Original",NA,NA,2.31760295044608,1.04117758602984,3.63686636914695,1,"SR slope"
"BeautySRControl","mu","Human Forgery",NA,NA,2.80721792044836,1.4006819451084,4.2330188140387,1,"SR slope"
"BeautySRControl","mu","AI-Generated",NA,NA,3.84974838535596,2.26951829633226,5.39624761316182,1,"SR slope"
"BeautySRControl","mu","AI-Generated - Human Original",NA,NA,1.54052126610713,-0.163876713442535,3.26843554937195,0.96,"SR slope"
"BeautySRControl","mu","Human Forgery - Human Original",NA,NA,0.500567697159893,-1.07444517331212,2.24155931432068,0.71125,"SR slope"
"BeautySRControl","mu","AI-Generated - Human Forgery",NA,NA,1.05311708953659,-1.12167049499851,2.87368897693085,0.85625,"SR slope"
"BeautySRControl","mu","Human Original",NA,NA,11.6749609355319,9.66186348860268,13.5800921350687,1,"Beauty2 slope"
"BeautySRControl","mu","Human Forgery",NA,NA,12.4658023045297,10.5489183710563,14.3548011415832,1,"Beauty2 slope"
"BeautySRControl","mu","AI-Generated",NA,NA,11.9234984294561,10.1966442304372,13.7562276787171,1,"Beauty2 slope"
"BeautySRControl","mu","AI-Generated - Human Original",NA,NA,0.259746457859985,-1.88238854552353,2.36061358668437,0.59675,"Beauty2 slope"
"BeautySRControl","mu","Human Forgery - Human Original",NA,NA,0.789803911884904,-1.11520178658528,2.6664951046958,0.80375,"Beauty2 slope"
"BeautySRControl","mu","AI-Generated - Human Forgery",NA,NA,-0.535998952168068,-2.73410278618916,1.63650636381854,0.68375,"Beauty2 slope"
"BeautySRControl","confright","AI-Generated - Human Original","Low",-0.227550940030373,-5.17311590016097,-6.74997393569958,-3.59336803859883,1,"Gap"
"BeautySRControl","confright","AI-Generated - Human Original","Average",0,-5.55534479281233,-6.78500316642117,-4.34147237102907,1,"Gap"
"BeautySRControl","confright","AI-Generated - Human Original","High",0.227550940030373,-5.92744931208475,-7.66154912129434,-4.3298720499026,1,"Gap"
"BeautySRControl","confright","AI-Generated - Human Original","High - Low",NA,-0.79970943015226,-2.80823137855647,1.58284475291955,0.76275,"Gap"
"BeautySRControl","confright","Human Forgery - Human Original","Low",-0.227550940030373,-2.7181323461471,-4.22562507052795,-1.0839059060468,1,"Gap"
"BeautySRControl","confright","Human Forgery - Human Original","Average",0,-3.80444949383481,-5.04033504252181,-2.71203248699438,1,"Gap"
"BeautySRControl","confright","Human Forgery - Human Original","High",0.227550940030373,-4.93408239755757,-6.53514016453382,-3.31602189933344,1,"Gap"
"BeautySRControl","confright","Human Forgery - Human Original","High - Low",NA,-2.21672988918952,-4.2602455054745,0.123013741863931,0.97425,"Gap"
"BeautySRControl","confright","AI-Generated - Human Forgery","Low",-0.227550940030373,-2.46554150101097,-4.14744601252884,-0.898917519823272,0.99875,"Gap"
"BeautySRControl","confright","AI-Generated - Human Forgery","Average",0,-1.76270351285258,-3.01501703005909,-0.574157762320465,0.99675,"Gap"
"BeautySRControl","confright","AI-Generated - Human Forgery","High",0.227550940030373,-1.0226265919267,-2.69742548821429,0.693660953220782,0.87925,"Gap"
"BeautySRControl","confright","AI-Generated - Human Forgery","High - Low",NA,1.44690581629385,-0.668961341176988,3.78443334359463,0.9,"Gap"
"BeautySRControl","confright","Human Original",NA,NA,0.904140771399858,0.500553439534535,1.27628965240445,1,"SR slope"
"BeautySRControl","confright","Human Forgery",NA,NA,0.417359746351431,0.0485464723932738,0.812506463657325,0.97975,"SR slope"
"BeautySRControl","confright","AI-Generated",NA,NA,0.730999974721494,0.37610254085943,1.09734701251973,1,"SR slope"
"BeautySRControl","confright","AI-Generated - Human Original",NA,NA,-0.175946650650918,-0.61776970467059,0.347936611719418,0.763,"SR slope"
"BeautySRControl","confright","Human Forgery - Human Original",NA,NA,-0.487241886493892,-0.934485576352562,0.0293059788082917,0.97425,"SR slope"
"BeautySRControl","confright","AI-Generated - Human Forgery",NA,NA,0.318089997239729,-0.147143905309566,0.831652123297055,0.8995,"SR slope"
"BeautySRControl","confright","Human Original",NA,NA,2.58258613580409,2.08440831506466,3.09352223478151,1,"Beauty2 slope"
"BeautySRControl","confright","Human Forgery",NA,NA,2.00140334334455,1.4478010973257,2.51736951828124,1,"Beauty2 slope"
"BeautySRControl","confright","AI-Generated",NA,NA,2.02251622395251,1.50288278132543,2.49426082969757,1,"Beauty2 slope"
"BeautySRControl","confright","AI-Generated - Human Original",NA,NA,-0.563327773695588,-1.14834611130893,0.00943230169951637,0.972,"Beauty2 slope"
"BeautySRControl","confright","Human Forgery - Human Original",NA,NA,-0.589214768692421,-1.14823540066773,0.0116539617721401,0.976,"Beauty2 slope"
"BeautySRControl","confright","AI-Generated - Human Forgery",NA,NA,0.0260061171372825,-0.631857487130913,0.638187423863965,0.5315,"Beauty2 slope"
"BeautySRControl","confleft","AI-Generated - Human Original","Low",-0.227550940030373,3.19038532766199,0.668233336921475,5.74785072239595,0.992,"Gap"
"BeautySRControl","confleft","AI-Generated - Human Original","Average",0,4.3474605926278,2.26172014615924,6.27307183577568,1,"Gap"
"BeautySRControl","confleft","AI-Generated - Human Original","High",0.227550940030373,5.51858907021559,2.55300425701654,8.55721479962206,1,"Gap"
"BeautySRControl","confleft","AI-Generated - Human Original","High - Low",NA,2.32747993236392,-1.70133224779566,6.07664338411604,0.8765,"Gap"
"BeautySRControl","confleft","Human Forgery - Human Original","Low",-0.227550940030373,2.50439307557241,-0.316578549925672,5.01005963419134,0.96375,"Gap"
"BeautySRControl","confleft","Human Forgery - Human Original","Average",0,2.37029441164328,0.270606903651127,4.27034035787572,0.98875,"Gap"
"BeautySRControl","confleft","Human Forgery - Human Original","High",0.227550940030373,2.22310225684654,-0.642772303578348,5.20980879247109,0.93425,"Gap"
"BeautySRControl","confleft","Human Forgery - Human Original","High - Low",NA,-0.322150355233372,-4.14993102077882,3.52309281695393,0.55525,"Gap"
"BeautySRControl","confleft","AI-Generated - Human Forgery","Low",-0.227550940030373,0.684350799606639,-1.99632585721556,3.50077776009061,0.68625,"Gap"
"BeautySRControl","confleft","AI-Generated - Human Forgery","Average",0,1.99373894655949,-0.162813286657726,4.06611284599622,0.965,"Gap"
"BeautySRControl","confleft","AI-Generated - Human Forgery","High",0.227550940030373,3.30295765033111,-0.00481148198128722,6.3996164274798,0.97475,"Gap"
"BeautySRControl","confleft","AI-Generated - Human Forgery","High - Low",NA,2.61780905735972,-1.50631548170187,6.74844461620991,0.882,"Gap"
"BeautySRControl","confleft","Human Original",NA,NA,-0.340997217220612,-0.994524747318482,0.270425701681842,0.85325,"SR slope"
"BeautySRControl","confleft","Human Forgery",NA,NA,-0.409282607439387,-1.10573521997259,0.305732438185102,0.8705,"SR slope"
"BeautySRControl","confleft","AI-Generated",NA,NA,0.168171583821458,-0.488634101887542,0.849223038108693,0.692,"SR slope"
"BeautySRControl","confleft","AI-Generated - Human Original",NA,NA,0.511473494125059,-0.373855245929311,1.33563564278411,0.8765,"SR slope"
"BeautySRControl","confleft","Human Forgery - Human Original",NA,NA,-0.070834623353222,-0.912065881205626,0.77430612677698,0.55525,"SR slope"
"BeautySRControl","confleft","AI-Generated - Human Forgery",NA,NA,0.575473994252951,-0.330098310856397,1.48447737472185,0.882,"SR slope"
"BeautySRControl","confleft","Human Original",NA,NA,-2.46605422239784,-3.25726960392317,-1.70968583480963,1,"Beauty2 slope"
"BeautySRControl","confleft","Human Forgery",NA,NA,-2.52857464597987,-3.35174058518901,-1.59503452164806,1,"Beauty2 slope"
"BeautySRControl","confleft","AI-Generated",NA,NA,-2.53394149074114,-3.31860274838492,-1.70356362098452,1,"Beauty2 slope"
"BeautySRControl","confleft","AI-Generated - Human Original",NA,NA,-0.0763054764065159,-0.893342481812337,0.756307518508564,0.56275,"Beauty2 slope"
"BeautySRControl","confleft","Human Forgery - Human Original",NA,NA,-0.064775695959937,-0.910815210833432,0.825570628159278,0.55725,"Beauty2 slope"
"BeautySRControl","confleft","AI-Generated - Human Forgery",NA,NA,-0.0109700639910226,-0.877375647943285,0.968735935827292,0.51025,"Beauty2 slope"
"BeautySRBetween","response","AI-Generated - Human Original","Low",-0.227550940030373,-6.51093587524793,-8.3287208154864,-4.77136414311461,1,"Gap"
"BeautySRBetween","response","AI-Generated - Human Original","Average",0,-6.89588659359911,-8.27483061455482,-5.50357886215089,1,"Gap"
"BeautySRBetween","response","AI-Generated - Human Original","High",0.227550940030373,-6.33230253817106,-7.9879977798907,-4.7436191697473,1,"Gap"
"BeautySRBetween","response","AI-Generated - Human Original","High - Low",NA,0.148167078024275,-2.25283843704341,2.51898029199779,0.54075,"Gap"
"BeautySRBetween","response","Human Forgery - Human Original","Low",-0.227550940030373,-3.24922384567662,-4.96759623789964,-1.53416191586617,0.99975,"Gap"
"BeautySRBetween","response","Human Forgery - Human Original","Average",0,-3.47952427330095,-4.71542568725231,-2.26864452761208,1,"Gap"
"BeautySRBetween","response","Human Forgery - Human Original","High",0.227550940030373,-3.66002220078852,-5.12784802202406,-2.28107342607202,1,"Gap"
"BeautySRBetween","response","Human Forgery - Human Original","High - Low",NA,-0.395563799326548,-2.57531944234658,1.8488443884251,0.6355,"Gap"
"BeautySRBetween","response","AI-Generated - Human Forgery","Low",-0.227550940030373,-3.23467587256131,-5.17414513220206,-1.49589510351968,1,"Gap"
"BeautySRBetween","response","AI-Generated - Human Forgery","Average",0,-3.41599983497281,-4.83737945293023,-1.97678148508905,1,"Gap"
"BeautySRBetween","response","AI-Generated - Human Forgery","High",0.227550940030373,-2.70053428861193,-4.4344707196238,-0.880567679924893,0.99925,"Gap"
"BeautySRBetween","response","AI-Generated - Human Forgery","High - Low",NA,0.536155984581982,-1.95978618439814,2.94309816443419,0.656,"Gap"
"BeautySRBetween","response","Human Original",NA,NA,3.12751717957516,2.59237857336048,3.64894473942345,1,"SR slope"
"BeautySRBetween","response","Human Forgery",NA,NA,3.05843648602183,2.55225445477392,3.58354677579498,1,"SR slope"
"BeautySRBetween","response","AI-Generated",NA,NA,3.19866372963326,2.70763922274259,3.71418229859433,1,"SR slope"
"BeautySRBetween","response","AI-Generated - Human Original",NA,NA,0.0771544884719255,-0.516810172698834,0.641980901388228,0.5985,"SR slope"
"BeautySRBetween","response","Human Forgery - Human Original",NA,NA,-0.0645979503309524,-0.576837200465641,0.491008615419619,0.59775,"SR slope"
"BeautySRBetween","response","AI-Generated - Human Forgery",NA,NA,0.141602057317364,-0.473759042992739,0.733129022842949,0.6705,"SR slope"
"BeautySRBetween","response","Human Original",NA,NA,1.80524473805916,1.02971906731224,2.67545362978219,1,"SR_b slope"
"BeautySRBetween","response","Human Forgery",NA,NA,1.89212150690411,1.10968114116542,2.75114248012431,1,"SR_b slope"
"BeautySRBetween","response","AI-Generated",NA,NA,2.32099382705213,1.45279694635544,3.23794770850292,1,"SR_b slope"
"BeautySRBetween","response","AI-Generated - Human Original",NA,NA,0.530644938097047,-0.1215865199795,1.16414826606447,0.9425,"SR_b slope"
"BeautySRBetween","response","Human Forgery - Human Original",NA,NA,0.100169788627696,-0.466951622225642,0.718425271469225,0.63525,"SR_b slope"
"BeautySRBetween","response","AI-Generated - Human Forgery",NA,NA,0.429883747401849,-0.238079462613055,1.15785795397775,0.89275,"SR_b slope"
"BeautySRBetween","mu","AI-Generated - Human Original","Low",-0.227550940030373,-14.6747488349395,-19.1229104240516,-9.33626978017403,1,"Gap"
"BeautySRBetween","mu","AI-Generated - Human Original","Average",0,-13.5717772927558,-17.4694343118932,-9.54475866867305,1,"Gap"
"BeautySRBetween","mu","AI-Generated - Human Original","High",0.227550940030373,-9.62382549116516,-14.1450672815236,-4.90056887088952,1,"Gap"
"BeautySRBetween","mu","AI-Generated - Human Original","High - Low",NA,5.04397263690896,-1.55631862090272,11.8112731582334,0.92425,"Gap"
"BeautySRBetween","mu","Human Forgery - Human Original","Low",-0.227550940030373,-6.2777690738842,-11.3390544730846,-1.92788567565855,0.99325,"Gap"
"BeautySRBetween","mu","Human Forgery - Human Original","Average",0,-5.48068273761191,-8.91335344454544,-2.0913371592776,0.99925,"Gap"
"BeautySRBetween","mu","Human Forgery - Human Original","High",0.227550940030373,-3.77647431460587,-7.59232106242996,0.257101663039316,0.9725,"Gap"
"BeautySRBetween","mu","Human Forgery - Human Original","High - Low",NA,2.49795706369848,-3.9313047318554,8.50438799771373,0.7775,"Gap"
"BeautySRBetween","mu","AI-Generated - Human Forgery","Low",-0.227550940030373,-8.38469033247363,-13.2660583137637,-3.07538645142067,0.999,"Gap"
"BeautySRBetween","mu","AI-Generated - Human Forgery","Average",0,-8.09542397113137,-11.9905581826538,-3.69620389046368,0.99975,"Gap"
"BeautySRBetween","mu","AI-Generated - Human Forgery","High",0.227550940030373,-5.7733384876821,-10.8588132763591,-1.04396410448181,0.99325,"Gap"
"BeautySRBetween","mu","AI-Generated - Human Forgery","High - Low",NA,2.46460030709717,-4.01752555925801,9.78565030204782,0.75825,"Gap"
"BeautySRBetween","mu","Human Original",NA,NA,7.01636553706647,5.51569054799872,8.49460651639156,1,"SR slope"
"BeautySRBetween","mu","Human Forgery",NA,NA,7.61171439865349,6.13506243783313,9.05245280169953,1,"SR slope"
"BeautySRBetween","mu","AI-Generated",NA,NA,8.25054052389593,6.87690164781207,9.68120968155361,1,"SR slope"
"BeautySRBetween","mu","AI-Generated - Human Original",NA,NA,1.27965315200679,-0.364569310677298,2.96232419322573,0.92725,"SR slope"
"BeautySRBetween","mu","Human Forgery - Human Original",NA,NA,0.632091924784528,-0.878103587995561,2.15857931878549,0.78525,"SR slope"
"BeautySRBetween","mu","AI-Generated - Human Forgery",NA,NA,0.630378754369609,-0.98080842415288,2.47679427028768,0.76425,"SR slope"
"BeautySRBetween","mu","Human Original",NA,NA,3.67142847202104,1.43623507359024,5.96120124466184,0.9995,"SR_b slope"
"BeautySRBetween","mu","Human Forgery",NA,NA,3.50365039077868,1.25837114299751,5.84522046965538,0.999,"SR_b slope"
"BeautySRBetween","mu","AI-Generated",NA,NA,5.13284486163172,2.75800004578058,7.92148572024368,0.99975,"SR_b slope"
"BeautySRBetween","mu","AI-Generated - Human Original",NA,NA,1.46797163368402,-0.327461839958127,3.36871011833654,0.93925,"SR_b slope"
"BeautySRBetween","mu","Human Forgery - Human Original",NA,NA,-0.167932972341384,-1.95906839670132,1.45430719633997,0.57725,"SR_b slope"
"BeautySRBetween","mu","AI-Generated - Human Forgery",NA,NA,1.62685686665875,-0.374823283766424,3.66281153699793,0.9445,"SR_b slope"
"BeautySRBetween","confright","AI-Generated - Human Original","Low",-0.227550940030373,-5.24835699218352,-6.95218489678106,-3.80338596444006,1,"Gap"
"BeautySRBetween","confright","AI-Generated - Human Original","Average",0,-6.10784471195933,-7.33203396329885,-4.94162598488322,1,"Gap"
"BeautySRBetween","confright","AI-Generated - Human Original","High",0.227550940030373,-6.93966880070485,-8.44031118821602,-5.44331750542003,1,"Gap"
"BeautySRBetween","confright","AI-Generated - Human Original","High - Low",NA,-1.67441522202874,-3.64610977990498,0.445856422225416,0.94375,"Gap"
"BeautySRBetween","confright","Human Forgery - Human Original","Low",-0.227550940030373,-2.92754281703279,-4.54193137066871,-1.33222748081697,0.99975,"Gap"
"BeautySRBetween","confright","Human Forgery - Human Original","Average",0,-4.3817063647783,-5.56499337004342,-3.25649268494794,1,"Gap"
"BeautySRBetween","confright","Human Forgery - Human Original","High",0.227550940030373,-5.98313952756285,-7.52599051578981,-4.52908112149322,1,"Gap"
"BeautySRBetween","confright","Human Forgery - Human Original","High - Low",NA,-3.06642740595622,-5.26961633391986,-1.04252415253027,0.99775,"Gap"
"BeautySRBetween","confright","AI-Generated - Human Forgery","Low",-0.227550940030373,-2.33625488403134,-3.93089074017521,-0.774014492261685,0.9965,"Gap"
"BeautySRBetween","confright","AI-Generated - Human Forgery","Average",0,-1.70834253181842,-2.8967499967884,-0.506470132945896,0.99725,"Gap"
"BeautySRBetween","confright","AI-Generated - Human Forgery","High",0.227550940030373,-0.94269907750924,-2.42740430108732,0.743010848333658,0.88525,"Gap"
"BeautySRBetween","confright","AI-Generated - Human Forgery","High - Low",NA,1.38000535549817,-0.741712979095763,3.42469059046302,0.899,"Gap"
"BeautySRBetween","confright","Human Original",NA,NA,1.87150028008096,1.46711095294361,2.26260351928848,1,"SR slope"
"BeautySRBetween","confright","Human Forgery",NA,NA,1.19274890153778,0.816645206457689,1.54684833884161,1,"SR slope"
"BeautySRBetween","confright","AI-Generated",NA,NA,1.49714010797802,1.12391433254122,1.86364635409059,1,"SR slope"
"BeautySRBetween","confright","AI-Generated - Human Original",NA,NA,-0.370608347975615,-0.806923075665156,0.09620558153145,0.94425,"SR slope"
"BeautySRBetween","confright","Human Forgery - Human Original",NA,NA,-0.676973281484444,-1.15490701424631,-0.22172852715252,0.99775,"SR slope"
"BeautySRBetween","confright","AI-Generated - Human Forgery",NA,NA,0.303851997926041,-0.164189459361308,0.753257295721843,0.89875,"SR slope"
"BeautySRBetween","confright","Human Original",NA,NA,1.13284048693589,0.27423810340233,1.97763332270182,0.995,"SR_b slope"
"BeautySRBetween","confright","Human Forgery",NA,NA,1.47643518288818,0.628929947268042,2.28373050029267,0.9995,"SR_b slope"
"BeautySRBetween","confright","AI-Generated",NA,NA,1.33589017815304,0.49092991782409,2.13350345625608,0.99975,"SR_b slope"
"BeautySRBetween","confright","AI-Generated - Human Original",NA,NA,0.201170380067345,-0.318468089401797,0.764697033557771,0.77425,"SR_b slope"
"BeautySRBetween","confright","Human Forgery - Human Original",NA,NA,0.339733831411307,-0.189507555679735,0.893706108318471,0.88375,"SR_b slope"
"BeautySRBetween","confright","AI-Generated - Human Forgery",NA,NA,-0.139244213347953,-0.636144677901457,0.424670462642135,0.687,"SR_b slope"
"BeautySRBetween","confleft","AI-Generated - Human Original","Low",-0.227550940030373,3.06684653769804,0.789542789422537,5.38587595547298,0.993,"Gap"
"BeautySRBetween","confleft","AI-Generated - Human Original","Average",0,4.02529588117157,2.05569400346639,5.823139598645,1,"Gap"
"BeautySRBetween","confleft","AI-Generated - Human Original","High",0.227550940030373,4.87064521267061,1.92719112950676,7.74690397639279,0.99925,"Gap"
"BeautySRBetween","confleft","AI-Generated - Human Original","High - Low",NA,1.74775825807937,-1.77383910525982,5.75441631320425,0.83075,"Gap"
"BeautySRBetween","confleft","Human Forgery - Human Original","Low",-0.227550940030373,2.4542399555478,0.00438590340788303,4.79469740502722,0.983,"Gap"
"BeautySRBetween","confleft","Human Forgery - Human Original","Average",0,2.04541744604132,0.13040611337588,4.04546642891555,0.9825,"Gap"
"BeautySRBetween","confleft","Human Forgery - Human Original","High",0.227550940030373,1.63654677943238,-1.39706805718677,4.50982682907534,0.861,"Gap"
"BeautySRBetween","confleft","Human Forgery - Human Original","High - Low",NA,-0.803356169036446,-4.85100606579155,2.71463517173512,0.6615,"Gap"
"BeautySRBetween","confleft","AI-Generated - Human Forgery","Low",-0.227550940030373,0.583248676530446,-1.89601492897715,3.17543595347072,0.67,"Gap"
"BeautySRBetween","confleft","AI-Generated - Human Forgery","Average",0,1.93197781463767,-0.041477388497202,4.0185737732729,0.968,"Gap"
"BeautySRBetween","confleft","AI-Generated - Human Forgery","High",0.227550940030373,3.18707520181875,0.166939152872325,6.45047793977697,0.9775,"Gap"
"BeautySRBetween","confleft","AI-Generated - Human Forgery","High - Low",NA,2.61293800231813,-1.38999445154575,6.68969077356769,0.894,"Gap"
"BeautySRBetween","confleft","Human Original",NA,NA,-1.21531280586207,-1.81294942987459,-0.597784816298186,1,"SR slope"
"BeautySRBetween","confleft","Human Forgery",NA,NA,-1.38760944091854,-2.09339295147792,-0.672515107115079,0.99975,"SR slope"
"BeautySRBetween","confleft","AI-Generated",NA,NA,-0.817491292051664,-1.4677672934425,-0.113456602876982,0.99,"SR slope"
"BeautySRBetween","confleft","AI-Generated - Human Original",NA,NA,0.384851263735636,-0.373623763022857,1.28431743109342,0.83075,"SR slope"
"BeautySRBetween","confleft","Human Forgery - Human Original",NA,NA,-0.177180661343118,-1.07470237914592,0.592631464699567,0.6615,"SR slope"
"BeautySRBetween","confleft","AI-Generated - Human Forgery",NA,NA,0.575353452264754,-0.302901688983004,1.47618278917777,0.894,"SR slope"
"BeautySRBetween","confleft","Human Original",NA,NA,-1.26420641153988,-2.30733690851023,-0.221047395675972,0.9915,"SR_b slope"
"BeautySRBetween","confleft","Human Forgery",NA,NA,-1.82498218360459,-3.09951239620638,-0.784544461844822,0.99975,"SR_b slope"
"BeautySRBetween","confleft","AI-Generated",NA,NA,-1.56279884417437,-2.79710048949449,-0.482098230279709,0.99575,"SR_b slope"
"BeautySRBetween","confleft","AI-Generated - Human Original",NA,NA,-0.292160905020336,-1.12444221124506,0.590877090916869,0.745,"SR_b slope"
"BeautySRBetween","confleft","Human Forgery - Human Original",NA,NA,-0.548753130360863,-1.47137134597311,0.267613500612773,0.89275,"SR_b slope"
"BeautySRBetween","confleft","AI-Generated - Human Forgery",NA,NA,0.251770647863925,-0.620414350270959,1.15980993924211,0.7,"SR_b slope"
"MeaningSR","response","AI-Generated - Human Original","Low",-0.227550940030373,-9.57283999391164,-11.8033800357953,-7.60612306963921,1,"Gap"
"MeaningSR","response","AI-Generated - Human Original","Average",0,-9.13652982627647,-11.0071495639871,-7.48213686435444,1,"Gap"
"MeaningSR","response","AI-Generated - Human Original","High",0.227550940030373,-8.60679995890813,-10.5562714727163,-6.61022034118079,1,"Gap"
"MeaningSR","response","AI-Generated - Human Original","High - Low",NA,0.966477029790365,-1.09486271021731,3.01139965689845,0.812,"Gap"
"MeaningSR","response","Human Forgery - Human Original","Low",-0.227550940030373,-4.01457926223721,-5.5877517781862,-2.35513296513548,1,"Gap"
"MeaningSR","response","Human Forgery - Human Original","Average",0,-4.16422350460442,-5.34227663624456,-2.94379090545427,1,"Gap"
"MeaningSR","response","Human Forgery - Human Original","High",0.227550940030373,-4.38976580413332,-5.93118108313075,-2.94761187460019,1,"Gap"
"MeaningSR","response","Human Forgery - Human Original","High - Low",NA,-0.382513027587365,-2.45815550799103,1.6752477946877,0.65125,"Gap"
"MeaningSR","response","AI-Generated - Human Forgery","Low",-0.227550940030373,-5.54951260137117,-7.72727929817394,-3.5882190742348,1,"Gap"
"MeaningSR","response","AI-Generated - Human Forgery","Average",0,-4.98358790266084,-6.68974203057147,-3.35367293429204,1,"Gap"
"MeaningSR","response","AI-Generated - Human Forgery","High",0.227550940030373,-4.2170196512526,-6.1758425740231,-2.39762738504622,1,"Gap"
"MeaningSR","response","AI-Generated - Human Forgery","High - Low",NA,1.33456346680934,-0.894098687560637,3.43276831567924,0.8915,"Gap"
"MeaningSR","response","Human Original",NA,NA,1.48285171938552,1.04226184312406,1.88030278235396,1,"SR slope"
"MeaningSR","response","Human Forgery",NA,NA,1.38648450136158,0.96326417229986,1.81130414132976,1,"SR slope"
"MeaningSR","response","AI-Generated",NA,NA,1.6871245042851,1.2678568650019,2.13567522451504,1,"SR slope"
"MeaningSR","response","AI-Generated - Human Original",NA,NA,0.214888662348497,-0.24303255586496,0.661961328380996,0.814,"SR slope"
"MeaningSR","response","Human Forgery - Human Original",NA,NA,-0.0856371098505819,-0.552712693306331,0.358067468841705,0.654,"SR slope"
"MeaningSR","response","AI-Generated - Human Forgery",NA,NA,0.298508452540758,-0.195244357167557,0.754281563074999,0.896,"SR slope"
"MeaningSR","mu","AI-Generated - Human Original","Low",-0.227550940030373,-7.83658467403053,-9.72978001508181,-5.9416854050939,1,"Gap"
"MeaningSR","mu","AI-Generated - Human Original","Average",0,-7.62387097766378,-9.18768698139344,-6.04741576260517,1,"Gap"
"MeaningSR","mu","AI-Generated - Human Original","High",0.227550940030373,-7.31893353646858,-9.10472742911903,-5.46441350009348,1,"Gap"
"MeaningSR","mu","AI-Generated - Human Original","High - Low",NA,0.519242132607522,-1.56454212655142,2.57807593163161,0.68275,"Gap"
"MeaningSR","mu","Human Forgery - Human Original","Low",-0.227550940030373,-3.27095852240455,-4.81903225024715,-1.6480295745487,1,"Gap"
"MeaningSR","mu","Human Forgery - Human Original","Average",0,-3.74662843609022,-4.85595579178092,-2.60422873475951,1,"Gap"
"MeaningSR","mu","Human Forgery - Human Original","High",0.227550940030373,-4.2118456573649,-5.57936392814859,-2.71374646422406,1,"Gap"
"MeaningSR","mu","Human Forgery - Human Original","High - Low",NA,-0.903841366635167,-3.0103281418061,1.11453439047774,0.81975,"Gap"
"MeaningSR","mu","AI-Generated - Human Forgery","Low",-0.227550940030373,-4.54856608845,-6.47765895860236,-2.62064198303128,1,"Gap"
"MeaningSR","mu","AI-Generated - Human Forgery","Average",0,-3.87995012224273,-5.37846552422674,-2.41193284200034,1,"Gap"
"MeaningSR","mu","AI-Generated - Human Forgery","High",0.227550940030373,-3.10682947718144,-4.90696623248975,-1.43069743202275,0.9995,"Gap"
"MeaningSR","mu","AI-Generated - Human Forgery","High - Low",NA,1.44220927235665,-0.794163284419924,3.39553263843798,0.9075,"Gap"
"MeaningSR","mu","Human Original",NA,NA,1.22005010967924,0.799065831800172,1.61806920803603,1,"SR slope"
"MeaningSR","mu","Human Forgery",NA,NA,1.01501867590689,0.615263503775443,1.39619805042768,1,"SR slope"
"MeaningSR","mu","AI-Generated",NA,NA,1.32836130819233,0.93419475334483,1.71408871776368,1,"SR slope"
"MeaningSR","mu","AI-Generated - Human Original",NA,NA,0.114225127521767,-0.345349340258816,0.567645365827152,0.6825,"SR slope"
"MeaningSR","mu","Human Forgery - Human Original",NA,NA,-0.199246372698275,-0.662895534004948,0.245483863037299,0.82,"SR slope"
"MeaningSR","mu","AI-Generated - Human Forgery",NA,NA,0.31763952234351,-0.174906806172936,0.748995994417967,0.9075,"SR slope"
"MeaningSR","pzero","AI-Generated - Human Original","Low",-0.227550940030373,5.86794204290086,3.14243991308525,9.3309870671647,1,"Gap"
"MeaningSR","pzero","AI-Generated - Human Original","Average",0,4.45089396489418,2.46573515736125,7.06218821230686,1,"Gap"
"MeaningSR","pzero","AI-Generated - Human Original","High",0.227550940030373,3.33406725410173,1.50279360924396,5.55503275121349,1,"Gap"
"MeaningSR","pzero","AI-Generated - Human Original","High - Low",NA,-2.50369743957648,-5.08136262213027,-0.401776947117764,0.992,"Gap"
"MeaningSR","pzero","Human Forgery - Human Original","Low",-0.227550940030373,2.16390422609296,0.536420088108448,4.10898898935791,0.99725,"Gap"
"MeaningSR","pzero","Human Forgery - Human Original","Average",0,1.24590425214448,0.152085130130549,2.3802548923346,0.9925,"Gap"
"MeaningSR","pzero","Human Forgery - Human Original","High",0.227550940030373,0.666209091250334,-0.221642450461278,1.77854858642677,0.927,"Gap"
"MeaningSR","pzero","Human Forgery - Human Original","High - Low",NA,-1.47820550855692,-3.22787314603456,0.070744553075976,0.9745,"Gap"
"MeaningSR","pzero","AI-Generated - Human Forgery","Low",-0.227550940030373,3.69731096944954,0.785512464404445,6.72733766993874,0.997,"Gap"
"MeaningSR","pzero","AI-Generated - Human Forgery","Average",0,3.18628476378443,1.10514158397037,5.48341428893798,1,"Gap"
"MeaningSR","pzero","AI-Generated - Human Forgery","High",0.227550940030373,2.64611234202184,0.818757377711806,4.85054271101568,0.99825,"Gap"
"MeaningSR","pzero","AI-Generated - Human Forgery","High - Low",NA,-1.01458805985191,-3.53043908860161,1.60370834823425,0.78775,"Gap"
"MeaningSR","pzero","Human Original",NA,NA,-0.626575090609968,-0.99028005172884,-0.326249473035754,1,"SR slope"
"MeaningSR","pzero","Human Forgery",NA,NA,-0.944870589945565,-1.5076256794606,-0.496077301420032,1,"SR slope"
"MeaningSR","pzero","AI-Generated",NA,NA,-1.17742552070716,-1.89419815345263,-0.592007174638184,1,"SR slope"
"MeaningSR","pzero","AI-Generated - Human Original",NA,NA,-0.548065569890108,-1.10103632213127,-0.0942502570641379,0.99325,"SR slope"
"MeaningSR","pzero","Human Forgery - Human Original",NA,NA,-0.315758372892208,-0.674507341865055,0.0197474287894628,0.976,"SR slope"
"MeaningSR","pzero","AI-Generated - Human Forgery",NA,NA,-0.229867098678907,-0.785127572341018,0.306644137999669,0.8035,"SR slope"
