"Model","Parameter","Predictor","Contrast","Median","CI_low","CI_high","pd","Table"
"RealitySR","response","Beauty","Human Original",2.40952978468809,1.75829643889086,3.15392673160825,1,"Cue"
"RealitySR","response","Beauty","Human Forgery",1.93138871162432,1.22363308605183,2.65479288702269,1,"Cue"
"RealitySR","response","Beauty","AI-Generated",2.11223237484476,1.36524553983258,2.82156628591879,1,"Cue"
"RealitySR","response","Beauty","AI-Generated - Human Original",-0.298269187065464,-1.24528635486054,0.581009473642979,0.744,"Cue"
"RealitySR","response","Beauty","Human Forgery - Human Original",-0.481355362979247,-1.33076759462247,0.434364545392807,0.86075,"Cue"
"RealitySR","response","Beauty","AI-Generated - Human Forgery",0.183005182290252,-0.736828843177245,1.11459786611179,0.644,"Cue"
"RealitySR","response","SR","Human Original",0.477663072288442,-0.110947478669021,1.10992608752231,0.93525,"Cue"
"RealitySR","response","SR","Human Forgery",0.311096506501685,-0.283001317018361,0.975593104937333,0.83575,"Cue"
"RealitySR","response","SR","AI-Generated",0.964593004586872,0.346934728604642,1.56224492429774,0.999,"Cue"
"RealitySR","response","SR","AI-Generated - Human Original",0.474623088674103,-0.347407980861969,1.27720842360401,0.88125,"Cue"
"RealitySR","response","SR","Human Forgery - Human Original",-0.169848163527303,-1.02484002994141,0.628040528351359,0.65325,"Cue"
"RealitySR","response","SR","AI-Generated - Human Forgery",0.647688828708054,-0.230339173033667,1.48759550845812,0.93425,"Cue"
"RealitySR","response","Beauty2","Human Original",1.54459850098551,0.857933813779244,2.27214791867952,1,"Cue"
"RealitySR","response","Beauty2","Human Forgery",1.55928117494777,0.812483081135407,2.2569093306431,1,"Cue"
"RealitySR","response","Beauty2","AI-Generated",1.07828083784453,0.387506206171839,1.78181120540427,0.99875,"Cue"
"RealitySR","response","Beauty2","AI-Generated - Human Original",-0.458786241932255,-1.34906111929503,0.449362352942462,0.83375,"Cue"
"RealitySR","response","Beauty2","Human Forgery - Human Original",0.021677952040472,-0.920098959345472,0.952224961100812,0.516,"Cue"
"RealitySR","response","Beauty2","AI-Generated - Human Forgery",-0.487180317230884,-1.45218141843761,0.431762852384832,0.84175,"Cue"
"RealitySR","response","Total","AI-Generated - Human Original",-5.20815155133306,-7.07327351123438,-3.42887372420617,1,"Decomposition"
"RealitySR","response","Direct","AI-Generated - Human Original",-3.69403837625474,-5.47785207564805,-1.81294310284951,0.999,"Decomposition"
"RealitySR","response","Indirect (joint)","AI-Generated - Human Original",-1.51275003486078,-2.01973326225982,-0.974167898450833,1,"Decomposition"
"RealitySR","response","Indirect (joint, exact)","AI-Generated - Human Original",-1.52375319138567,-1.91486108878417,-1.12695399224521,1,"Decomposition"
"RealitySR","response","Indirect (Beauty)","AI-Generated - Human Original",-1.23251911928044,-1.73331891513579,-0.787169578254797,1,"Decomposition"
"RealitySR","response","Indirect (SR)","AI-Generated - Human Original",-0.0785500682785587,-0.211630246916022,0.0137525116502419,0.9515,"Decomposition"
"RealitySR","response","Indirect (Beauty2)","AI-Generated - Human Original",-0.179030618281155,-0.370163033769528,-0.0340643489073116,0.9985,"Decomposition"
"RealitySR","response","Mediator (Beauty)","AI-Generated - Human Original",-5.89429723502304,-7.01977726574501,-4.88460061443932,1,"Decomposition"
"RealitySR","response","Mediator (SR)","AI-Generated - Human Original",-0.871255760368664,-1.89132104454685,0.168010752688172,0.9525,"Decomposition"
"RealitySR","response","Mediator (Beauty2)","AI-Generated - Human Original",-1.73912730414747,-2.76296082949309,-0.71975806451613,0.99975,"Decomposition"
"RealitySR","response","Total","Human Forgery - Human Original",-1.53700560840578,-3.29507314899825,0.202671619837553,0.95425,"Decomposition"
"RealitySR","response","Direct","Human Forgery - Human Original",-0.637518405296045,-2.27219471768417,1.19430707872302,0.77075,"Decomposition"
"RealitySR","response","Indirect (joint)","Human Forgery - Human Original",-0.88421857501143,-1.3370393201091,-0.464555820820858,1,"Decomposition"
"RealitySR","response","Indirect (joint, exact)","Human Forgery - Human Original",-0.895600108362021,-1.14974352881969,-0.659986260577428,1,"Decomposition"
"RealitySR","response","Indirect (Beauty)","Human Forgery - Human Original",-0.701473694106632,-1.07483193038538,-0.401142229457847,1,"Decomposition"
"RealitySR","response","Indirect (SR)","Human Forgery - Human Original",-0.018806039196762,-0.0998000601190421,0.0381283705713102,0.80025,"Decomposition"
"RealitySR","response","Indirect (Beauty2)","Human Forgery - Human Original",-0.151453064096558,-0.34911720353285,0.0239863367067117,0.969,"Decomposition"
"RealitySR","response","Mediator (Beauty)","Human Forgery - Human Original",-3.69052419354839,-4.81586021505376,-2.62730414746544,1,"Decomposition"
"RealitySR","response","Mediator (SR)","Human Forgery - Human Original",-0.796850998463902,-1.80491551459293,0.230414746543779,0.939,"Decomposition"
"RealitySR","response","Mediator (Beauty2)","Human Forgery - Human Original",-1.02508160522273,-2.10483870967742,0.0147849462365593,0.969,"Decomposition"
"RealitySR","response","Total","AI-Generated - Human Forgery",-3.6728032512399,-5.5525130635328,-1.80685014095227,1,"Decomposition"
"RealitySR","response","Direct","AI-Generated - Human Forgery",-3.1160687120667,-4.9399510586081,-1.20639469602517,0.99925,"Decomposition"
"RealitySR","response","Indirect (joint)","AI-Generated - Human Forgery",-0.544133112098795,-0.970065958736804,-0.123021603726067,0.9965,"Decomposition"
"RealitySR","response","Indirect (joint, exact)","AI-Generated - Human Forgery",-0.552597139443287,-0.696558358476929,-0.397604930444972,1,"Decomposition"
"RealitySR","response","Indirect (Beauty)","AI-Generated - Human Forgery",-0.454531374856244,-0.756730964767465,-0.189721260929541,1,"Decomposition"
"RealitySR","response","Indirect (SR)","AI-Generated - Human Forgery",-0.00671091474994562,-0.118943008646645,0.114710235258521,0.551,"Decomposition"
"RealitySR","response","Indirect (Beauty2)","AI-Generated - Human Forgery",-0.0705337460540604,-0.240934323651586,0.0338906620955408,0.89825,"Decomposition"
"RealitySR","response","Mediator (Beauty)","AI-Generated - Human Forgery",-2.19527649769585,-3.30616359447005,-1.08592549923195,1,"Decomposition"
"RealitySR","response","Mediator (SR)","AI-Generated - Human Forgery",-0.0768049155145929,-1.15207373271889,1.036866359447,0.5515,"Decomposition"
"RealitySR","response","Mediator (Beauty2)","AI-Generated - Human Forgery",-0.714861751152074,-1.89664938556068,0.364823348694315,0.89975,"Decomposition"
"RealitySR","mu","Beauty","Human Original",3.41534555090117,2.25973723455047,4.55153539502867,1,"Cue"
"RealitySR","mu","Beauty","Human Forgery",2.54815892991314,1.39327368772602,3.75622943531401,1,"Cue"
"RealitySR","mu","Beauty","AI-Generated",2.70046072865829,1.48372160945481,3.89049273826383,0.99975,"Cue"
"RealitySR","mu","Beauty","AI-Generated - Human Original",-0.707809902911805,-2.20133319263738,0.754386790482509,0.82775,"Cue"
"RealitySR","mu","Beauty","Human Forgery - Human Original",-0.853574318945283,-2.34807010702198,0.554838608493147,0.8795,"Cue"
"RealitySR","mu","Beauty","AI-Generated - Human Forgery",0.165136444561564,-1.36036063019029,1.6944401533564,0.57725,"Cue"
"RealitySR","mu","SR","Human Original",0.698888689860899,-0.3434788275124,1.68657825402713,0.91125,"Cue"
"RealitySR","mu","SR","Human Forgery",0.494030819817082,-0.547432775500512,1.512421080197,0.8215,"Cue"
"RealitySR","mu","SR","AI-Generated",1.40562389836132,0.407112293853373,2.41313480832828,0.99675,"Cue"
"RealitySR","mu","SR","AI-Generated - Human Original",0.680617408031048,-0.594848480468813,2.09590929323772,0.8495,"Cue"
"RealitySR","mu","SR","Human Forgery - Human Original",-0.229038507879226,-1.52506152977616,1.20899742980962,0.624,"Cue"
"RealitySR","mu","SR","AI-Generated - Human Forgery",0.909181556816407,-0.550767581749378,2.27219800447176,0.90625,"Cue"
"RealitySR","mu","Beauty2","Human Original",2.26652981098363,1.12627012542893,3.45607648033081,1,"Cue"
"RealitySR","mu","Beauty2","Human Forgery",2.35683903511491,1.20922735715545,3.57521293945262,1,"Cue"
"RealitySR","mu","Beauty2","AI-Generated",1.74088937560618,0.558487901322513,2.88087665320436,0.99825,"Cue"
"RealitySR","mu","Beauty2","AI-Generated - Human Original",-0.493710049349699,-2.05923342193498,0.909097610191978,0.742,"Cue"
"RealitySR","mu","Beauty2","Human Forgery - Human Original",0.109546130113963,-1.49188673996575,1.56017923042912,0.555,"Cue"
"RealitySR","mu","Beauty2","AI-Generated - Human Forgery",-0.609171563919486,-2.15269388136885,0.934138282788433,0.773,"Cue"
"RealitySR","mu","Total","AI-Generated - Human Original",-7.07677746241153,-9.92270983037321,-3.91147333147134,1,"Decomposition"
"RealitySR","mu","Direct","AI-Generated - Human Original",-5.08701799518523,-8.05523402395144,-2.03377764126073,0.998,"Decomposition"
"RealitySR","mu","Indirect (joint)","AI-Generated - Human Original",-2.00415359927211,-2.84865937116096,-1.21467471395305,1,"Decomposition"
"RealitySR","mu","Indirect (joint, exact)","AI-Generated - Human Original",-2.03232356344717,-2.66041112018878,-1.33807451290321,1,"Decomposition"
"RealitySR","mu","Indirect (Beauty)","AI-Generated - Human Original",-1.56975087741329,-2.34072739369441,-0.840764414222538,0.99975,"Decomposition"
"RealitySR","mu","Indirect (SR)","AI-Generated - Human Original",-0.110627863620738,-0.302921147452973,0.0354968836164056,0.94925,"Decomposition"
"RealitySR","mu","Indirect (Beauty2)","AI-Generated - Human Original",-0.285752863305045,-0.602445599832491,-0.0545583350508919,0.998,"Decomposition"
"RealitySR","mu","Mediator (Beauty)","AI-Generated - Human Original",-5.89429723502304,-7.01977726574501,-4.88460061443932,1,"Decomposition"
"RealitySR","mu","Mediator (SR)","AI-Generated - Human Original",-0.871255760368664,-1.89132104454685,0.168010752688172,0.9525,"Decomposition"
"RealitySR","mu","Mediator (Beauty2)","AI-Generated - Human Original",-1.73912730414747,-2.76296082949309,-0.71975806451613,0.99975,"Decomposition"
"RealitySR","mu","Total","Human Forgery - Human Original",-1.84116243423091,-4.67981553184429,1.11528032893993,0.88975,"Decomposition"
"RealitySR","mu","Direct","Human Forgery - Human Original",-0.613339710248673,-3.57574228523873,2.12799155475987,0.67025,"Decomposition"
"RealitySR","mu","Indirect (joint)","Human Forgery - Human Original",-1.19307363235323,-1.84844161069741,-0.558019869323094,1,"Decomposition"
"RealitySR","mu","Indirect (joint, exact)","Human Forgery - Human Original",-1.2207109252622,-1.62461619098969,-0.821543032884364,1,"Decomposition"
"RealitySR","mu","Indirect (Beauty)","Human Forgery - Human Original",-0.91702654347473,-1.45101899139994,-0.418175982260429,1,"Decomposition"
"RealitySR","mu","Indirect (SR)","Human Forgery - Human Original",-0.0277267850052125,-0.157298501745809,0.0620817420768437,0.786,"Decomposition"
"RealitySR","mu","Indirect (Beauty2)","Human Forgery - Human Original",-0.224216026061873,-0.543710064765484,0.0192685081310679,0.969,"Decomposition"
"RealitySR","mu","Mediator (Beauty)","Human Forgery - Human Original",-3.69052419354839,-4.81586021505376,-2.62730414746544,1,"Decomposition"
"RealitySR","mu","Mediator (SR)","Human Forgery - Human Original",-0.796850998463902,-1.80491551459293,0.230414746543779,0.939,"Decomposition"
"RealitySR","mu","Mediator (Beauty2)","Human Forgery - Human Original",-1.02508160522273,-2.10483870967742,0.0147849462365593,0.969,"Decomposition"
"RealitySR","mu","Total","AI-Generated - Human Forgery",-5.27527772706634,-8.29343126019456,-2.04276932843374,0.999,"Decomposition"
"RealitySR","mu","Direct","AI-Generated - Human Forgery",-4.53825615865094,-7.52260107531653,-1.32526593548858,0.99725,"Decomposition"
"RealitySR","mu","Indirect (joint)","AI-Generated - Human Forgery",-0.721770556620559,-1.3503364831308,-0.126349847887891,0.99525,"Decomposition"
"RealitySR","mu","Indirect (joint, exact)","AI-Generated - Human Forgery",-0.735966721820724,-0.976818539924751,-0.470745730295297,1,"Decomposition"
"RealitySR","mu","Indirect (Beauty)","AI-Generated - Human Forgery",-0.579322511610221,-1.03128593623232,-0.22441634126179,0.99975,"Decomposition"
"RealitySR","mu","Indirect (SR)","AI-Generated - Human Forgery",-0.00876448836661975,-0.186723715687124,0.160026623450017,0.55075,"Decomposition"
"RealitySR","mu","Indirect (Beauty2)","AI-Generated - Human Forgery",-0.114512565294837,-0.376605689329419,0.0688927021262418,0.8985,"Decomposition"
"RealitySR","mu","Mediator (Beauty)","AI-Generated - Human Forgery",-2.19527649769585,-3.30616359447005,-1.08592549923195,1,"Decomposition"
"RealitySR","mu","Mediator (SR)","AI-Generated - Human Forgery",-0.0768049155145929,-1.15207373271889,1.036866359447,0.5515,"Decomposition"
"RealitySR","mu","Mediator (Beauty2)","AI-Generated - Human Forgery",-0.714861751152074,-1.89664938556068,0.364823348694315,0.89975,"Decomposition"
"RealitySR","confright","Beauty","Human Original",0.972788220783699,0.478946146964976,1.51396803030168,1,"Cue"
"RealitySR","confright","Beauty","Human Forgery",1.09850864762939,0.551970502435883,1.620968669935,1,"Cue"
"RealitySR","confright","Beauty","AI-Generated",1.17583825820158,0.574437978127285,1.73358312777644,1,"Cue"
"RealitySR","confright","Beauty","AI-Generated - Human Original",0.20032332372652,-0.507597034178797,0.886915238474062,0.71275,"Cue"
"RealitySR","confright","Beauty","Human Forgery - Human Original",0.126517052537301,-0.488420499595799,0.801113301460099,0.6465,"Cue"
"RealitySR","confright","Beauty","AI-Generated - Human Forgery",0.0701856055302652,-0.614278829310755,0.82775737293983,0.57725,"Cue"
"RealitySR","confright","SR","Human Original",0.348735862715527,-0.0745616919262115,0.707692197183085,0.95125,"Cue"
"RealitySR","confright","SR","Human Forgery",0.165152012393366,-0.274498976114368,0.611802930593097,0.7675,"Cue"
"RealitySR","confright","SR","AI-Generated",0.423032844381638,-0.0378536913527294,0.84890855459524,0.9685,"Cue"
"RealitySR","confright","SR","AI-Generated - Human Original",0.0776671786967831,-0.508244294365134,0.638211811620271,0.60525,"Cue"
"RealitySR","confright","SR","Human Forgery - Human Original",-0.183179793508043,-0.705887233692692,0.436182161125676,0.7305,"Cue"
"RealitySR","confright","SR","AI-Generated - Human Forgery",0.254475081818945,-0.34509797838661,0.907563798113131,0.7955,"Cue"
"RealitySR","confright","Beauty2","Human Original",0.650032014181678,0.152107923665268,1.11686408803013,0.995,"Cue"
"RealitySR","confright","Beauty2","Human Forgery",0.578929155911984,0.0625659883840002,1.14685452901897,0.9815,"Cue"
"RealitySR","confright","Beauty2","AI-Generated",0.342359540527609,-0.235620811443793,0.866191216617573,0.8835,"Cue"
"RealitySR","confright","Beauty2","AI-Generated - Human Original",-0.309302809285289,-0.992851118201021,0.39789118000344,0.80925,"Cue"
"RealitySR","confright","Beauty2","Human Forgery - Human Original",-0.0695892528873587,-0.760698202652677,0.584171420298096,0.582,"Cue"
"RealitySR","confright","Beauty2","AI-Generated - Human Forgery",-0.233771799838578,-0.999490573250661,0.532992330170845,0.728,"Cue"
"RealitySR","confright","Total","AI-Generated - Human Original",-2.68814039794842,-3.94074012927296,-1.46318762344216,1,"Decomposition"
"RealitySR","confright","Direct","AI-Generated - Human Original",-1.9021001401051,-3.05688685405416,-0.606208576421963,0.99925,"Decomposition"
"RealitySR","confright","Indirect (joint)","AI-Generated - Human Original",-0.783282465518828,-1.1402515947082,-0.431638950344848,1,"Decomposition"
"RealitySR","confright","Indirect (joint, exact)","AI-Generated - Human Original",-0.793357321000449,-1.09784776923789,-0.476673209528544,1,"Decomposition"
"RealitySR","confright","Indirect (Beauty)","AI-Generated - Human Original",-0.686352492071492,-1.02135623372797,-0.294320810349562,1,"Decomposition"
"RealitySR","confright","Indirect (SR)","AI-Generated - Human Original",-0.0314071458153889,-0.104120976506535,0.0143027530237421,0.923,"Decomposition"
"RealitySR","confright","Indirect (Beauty2)","AI-Generated - Human Original",-0.0542070063193048,-0.174560679572581,0.0428405183806143,0.88375,"Decomposition"
"RealitySR","confright","Mediator (Beauty)","AI-Generated - Human Original",-5.89429723502304,-7.01977726574501,-4.88460061443932,1,"Decomposition"
"RealitySR","confright","Mediator (SR)","AI-Generated - Human Original",-0.871255760368664,-1.89132104454685,0.168010752688172,0.9525,"Decomposition"
"RealitySR","confright","Mediator (Beauty2)","AI-Generated - Human Original",-1.73912730414747,-2.76296082949309,-0.71975806451613,0.99975,"Decomposition"
"RealitySR","confright","Total","Human Forgery - Human Original",-0.878500367604178,-2.0693168897486,0.328421106965797,0.9265,"Decomposition"
"RealitySR","confright","Direct","Human Forgery - Human Original",-0.397335976278218,-1.5793913812243,0.805603888527995,0.74875,"Decomposition"
"RealitySR","confright","Indirect (joint)","Human Forgery - Human Original",-0.469232518130866,-0.739050055476759,-0.230919860625666,1,"Decomposition"
"RealitySR","confright","Indirect (joint, exact)","Human Forgery - Human Original",-0.478888979874825,-0.659880169185301,-0.288422327808247,1,"Decomposition"
"RealitySR","confright","Indirect (Beauty)","Human Forgery - Human Original",-0.396541078816415,-0.641279073167628,-0.171627916774361,1,"Decomposition"
"RealitySR","confright","Indirect (SR)","Human Forgery - Human Original",-0.00850060380637075,-0.0702400228779912,0.0235877464649961,0.7285,"Decomposition"
"RealitySR","confright","Indirect (Beauty2)","Human Forgery - Human Original",-0.0516461853551996,-0.151887883938116,0.0137266495085493,0.9525,"Decomposition"
"RealitySR","confright","Mediator (Beauty)","Human Forgery - Human Original",-3.69052419354839,-4.81586021505376,-2.62730414746544,1,"Decomposition"
"RealitySR","confright","Mediator (SR)","Human Forgery - Human Original",-0.796850998463902,-1.80491551459293,0.230414746543779,0.939,"Decomposition"
"RealitySR","confright","Mediator (Beauty2)","Human Forgery - Human Original",-1.02508160522273,-2.10483870967742,0.0147849462365593,0.969,"Decomposition"
"RealitySR","confright","Total","AI-Generated - Human Forgery",-1.82309971788915,-3.13737651320808,-0.609511086949469,0.9965,"Decomposition"
"RealitySR","confright","Direct","AI-Generated - Human Forgery",-1.53480537906223,-2.82597422999673,-0.339024670022026,0.9895,"Decomposition"
"RealitySR","confright","Indirect (joint)","AI-Generated - Human Forgery",-0.281717695682224,-0.512093725125109,-0.0691681667254572,0.99775,"Decomposition"
"RealitySR","confright","Indirect (joint, exact)","AI-Generated - Human Forgery",-0.287517028099948,-0.397012413884024,-0.162161661105453,1,"Decomposition"
"RealitySR","confright","Indirect (Beauty)","AI-Generated - Human Forgery",-0.250196198162903,-0.444108736204694,-0.084154811033645,1,"Decomposition"
"RealitySR","confright","Indirect (SR)","AI-Generated - Human Forgery",-0.00184213623175822,-0.0612595406208581,0.0526142587515209,0.548,"Decomposition"
"RealitySR","confright","Indirect (Beauty2)","AI-Generated - Human Forgery",-0.0176281749652567,-0.0989204335578332,0.0291658502574142,0.80275,"Decomposition"
"RealitySR","confright","Mediator (Beauty)","AI-Generated - Human Forgery",-2.19527649769585,-3.30616359447005,-1.08592549923195,1,"Decomposition"
"RealitySR","confright","Mediator (SR)","AI-Generated - Human Forgery",-0.0768049155145929,-1.15207373271889,1.036866359447,0.5515,"Decomposition"
"RealitySR","confright","Mediator (Beauty2)","AI-Generated - Human Forgery",-0.714861751152074,-1.89664938556068,0.364823348694315,0.89975,"Decomposition"
"RealitySR","confleft","Beauty","Human Original",-0.662560309793087,-1.17944615299986,-0.0928479025016915,0.99225,"Cue"
"RealitySR","confleft","Beauty","Human Forgery",-0.536364545321105,-1.12736795316865,0.00856909042940002,0.969,"Cue"
"RealitySR","confleft","Beauty","AI-Generated",-1.00773202612059,-1.55910235851997,-0.462292554173072,0.99975,"Cue"
"RealitySR","confleft","Beauty","AI-Generated - Human Original",-0.346276992856526,-1.0753656202081,0.363435712579352,0.82075,"Cue"
"RealitySR","confleft","Beauty","Human Forgery - Human Original",0.128319364449347,-0.649465102968205,0.865900892107252,0.6355,"Cue"
"RealitySR","confleft","Beauty","AI-Generated - Human Forgery",-0.47351313584279,-1.24796078012362,0.255315273928469,0.88625,"Cue"
"RealitySR","confleft","SR","Human Original",0.172013724087039,-0.349729632089957,0.708046437081167,0.74225,"Cue"
"RealitySR","confleft","SR","Human Forgery",0.11389483621041,-0.440874012411663,0.620328526953817,0.6585,"Cue"
"RealitySR","confleft","SR","AI-Generated",-0.164758260007891,-0.646648102236413,0.389610897537196,0.72225,"Cue"
"RealitySR","confleft","SR","AI-Generated - Human Original",-0.335648769801411,-1.02153048475528,0.384698049469723,0.81175,"Cue"
"RealitySR","confleft","SR","Human Forgery - Human Original",-0.0593172361234851,-0.824376584856013,0.640771802948192,0.559,"Cue"
"RealitySR","confleft","SR","AI-Generated - Human Forgery",-0.269944264806421,-1.0158432106871,0.450592392004789,0.76125,"Cue"
"RealitySR","confleft","Beauty2","Human Original",-0.1421563898302,-0.732944499279298,0.429809153586092,0.69,"Cue"
"RealitySR","confleft","Beauty2","Human Forgery",-0.0533911686464994,-0.62216211689875,0.539730326544141,0.5685,"Cue"
"RealitySR","confleft","Beauty2","AI-Generated",0.119207400204047,-0.481841585770248,0.6546322490249,0.66475,"Cue"
"RealitySR","confleft","Beauty2","AI-Generated - Human Original",0.265378903255925,-0.471242567347652,0.976212993360648,0.74925,"Cue"
"RealitySR","confleft","Beauty2","Human Forgery - Human Original",0.0843799323385908,-0.636016958270369,0.885666394842,0.5805,"Cue"
"RealitySR","confleft","Beauty2","AI-Generated - Human Forgery",0.174419563317096,-0.587049476171775,0.984305260354201,0.664,"Cue"
"RealitySR","confleft","Total","AI-Generated - Human Original",1.38924467695086,-0.0527049978979385,2.80097404749879,0.96825,"Decomposition"
"RealitySR","confleft","Direct","AI-Generated - Human Original",0.791990766726008,-0.706429134862618,2.22849129059975,0.862,"Decomposition"
"RealitySR","confleft","Indirect (joint)","AI-Generated - Human Original",0.584220364546851,0.259790032145174,0.889660353297585,0.99975,"Decomposition"
"RealitySR","confleft","Indirect (joint, exact)","AI-Generated - Human Original",0.588771282539202,0.273058625969458,0.871910819487387,1,"Decomposition"
"RealitySR","confleft","Indirect (Beauty)","AI-Generated - Human Original",0.592790843098476,0.271045145307962,0.951930252817931,0.99975,"Decomposition"
"RealitySR","confleft","Indirect (SR)","AI-Generated - Human Original",0.00971889403116312,-0.0384877195186251,0.0808107777177156,0.70375,"Decomposition"
"RealitySR","confleft","Indirect (Beauty2)","AI-Generated - Human Original",-0.0186859455792947,-0.13004931958536,0.0817118930670636,0.665,"Decomposition"
"RealitySR","confleft","Mediator (Beauty)","AI-Generated - Human Original",-5.89429723502304,-7.01977726574501,-4.88460061443932,1,"Decomposition"
"RealitySR","confleft","Mediator (SR)","AI-Generated - Human Original",-0.871255760368664,-1.89132104454685,0.168010752688172,0.9525,"Decomposition"
"RealitySR","confleft","Mediator (Beauty2)","AI-Generated - Human Original",-1.73912730414747,-2.76296082949309,-0.71975806451613,0.99975,"Decomposition"
"RealitySR","confleft","Total","Human Forgery - Human Original",1.05202975193929,-0.378641497570775,2.54603931318315,0.92425,"Decomposition"
"RealitySR","confleft","Direct","Human Forgery - Human Original",0.850749813582452,-0.658529096113925,2.27890890395976,0.87325,"Decomposition"
"RealitySR","confleft","Indirect (joint)","Human Forgery - Human Original",0.19085356115227,0.00933260108783405,0.411457166695915,0.97875,"Decomposition"
"RealitySR","confleft","Indirect (joint, exact)","Human Forgery - Human Original",0.194686696815422,0.00293850613675151,0.381651320395759,0.97925,"Decomposition"
"RealitySR","confleft","Indirect (Beauty)","Human Forgery - Human Original",0.193996605400736,-0.0140672618693414,0.420696234514204,0.969,"Decomposition"
"RealitySR","confleft","Indirect (SR)","Human Forgery - Human Original",-0.00497320968380911,-0.0675888073571763,0.0407048057928624,0.638,"Decomposition"
"RealitySR","confleft","Indirect (Beauty2)","Human Forgery - Human Original",0.00285303326712506,-0.0643357713621142,0.0782316026772874,0.563,"Decomposition"
"RealitySR","confleft","Mediator (Beauty)","Human Forgery - Human Original",-3.69052419354839,-4.81586021505376,-2.62730414746544,1,"Decomposition"
"RealitySR","confleft","Mediator (SR)","Human Forgery - Human Original",-0.796850998463902,-1.80491551459293,0.230414746543779,0.939,"Decomposition"
"RealitySR","confleft","Mediator (Beauty2)","Human Forgery - Human Original",-1.02508160522273,-2.10483870967742,0.0147849462365593,0.969,"Decomposition"
"RealitySR","confleft","Total","AI-Generated - Human Forgery",0.342490111235577,-1.09866684050452,1.89605136348818,0.6695,"Decomposition"
"RealitySR","confleft","Direct","AI-Generated - Human Forgery",0.121175383563232,-1.30173242225732,1.68475372537068,0.5625,"Decomposition"
"RealitySR","confleft","Indirect (joint)","AI-Generated - Human Forgery",0.206022054613414,0.054826307873755,0.384983804513965,0.9985,"Decomposition"
"RealitySR","confleft","Indirect (joint, exact)","AI-Generated - Human Forgery",0.213683659763947,0.101290658859954,0.327967544082797,1,"Decomposition"
"RealitySR","confleft","Indirect (Beauty)","AI-Generated - Human Forgery",0.213985803928343,0.065228075277827,0.396694245088968,0.99975,"Decomposition"
"RealitySR","confleft","Indirect (SR)","AI-Generated - Human Forgery",0.00036012713340261,-0.0367540756419505,0.0395236534091384,0.52825,"Decomposition"
"RealitySR","confleft","Indirect (Beauty2)","AI-Generated - Human Forgery",-0.00452847490421677,-0.0693157619778165,0.046134391121311,0.6305,"Decomposition"
"RealitySR","confleft","Mediator (Beauty)","AI-Generated - Human Forgery",-2.19527649769585,-3.30616359447005,-1.08592549923195,1,"Decomposition"
"RealitySR","confleft","Mediator (SR)","AI-Generated - Human Forgery",-0.0768049155145929,-1.15207373271889,1.036866359447,0.5515,"Decomposition"
"RealitySR","confleft","Mediator (Beauty2)","AI-Generated - Human Forgery",-0.714861751152074,-1.89664938556068,0.364823348694315,0.89975,"Decomposition"
"AuthenticitySR","response","Beauty","Human Original",1.56422107805079,0.937312003213842,2.09728682165106,1,"Cue"
"AuthenticitySR","response","Beauty","Human Forgery",1.00695674932627,0.426234239029821,1.57659350627337,0.9995,"Cue"
"AuthenticitySR","response","Beauty","AI-Generated",1.20644144163989,0.620686610741605,1.7722452748718,1,"Cue"
"AuthenticitySR","response","Beauty","AI-Generated - Human Original",-0.345466941092332,-1.16232599130928,0.370577267303773,0.80625,"Cue"
"AuthenticitySR","response","Beauty","Human Forgery - Human Original",-0.549989957351782,-1.26888176820178,0.31225108059979,0.91,"Cue"
"AuthenticitySR","response","Beauty","AI-Generated - Human Forgery",0.189811311540111,-0.551674799105173,1.04247245884331,0.68225,"Cue"
"AuthenticitySR","response","SR","Human Original",0.24940249588834,-0.243286567259027,0.790764779011521,0.824,"Cue"
"AuthenticitySR","response","SR","Human Forgery",0.57963524454227,0.0613459980096098,1.14524103584762,0.98,"Cue"
"AuthenticitySR","response","SR","AI-Generated",0.786092153155449,0.259937857786552,1.32192249209556,0.9995,"Cue"
"AuthenticitySR","response","SR","AI-Generated - Human Original",0.536309493137571,-0.215146625420493,1.17464215652119,0.933,"Cue"
"AuthenticitySR","response","SR","Human Forgery - Human Original",0.324406603221833,-0.325004994259248,1.09414620189452,0.8215,"Cue"
"AuthenticitySR","response","SR","AI-Generated - Human Forgery",0.206619573206029,-0.525165910436165,0.932573891764321,0.705,"Cue"
"AuthenticitySR","response","Beauty2","Human Original",0.498568425195189,-0.107927164777977,1.11756107715044,0.94625,"Cue"
"AuthenticitySR","response","Beauty2","Human Forgery",0.449913433851867,-0.177177731473244,1.11842508121018,0.914,"Cue"
"AuthenticitySR","response","Beauty2","AI-Generated",-0.129577895615435,-0.75480047841564,0.511663967165343,0.6555,"Cue"
"AuthenticitySR","response","Beauty2","AI-Generated - Human Original",-0.63003347283011,-1.42519439026717,0.12709792867549,0.94775,"Cue"
"AuthenticitySR","response","Beauty2","Human Forgery - Human Original",-0.0596365361415219,-0.83227542445663,0.784429071496728,0.555,"Cue"
"AuthenticitySR","response","Beauty2","AI-Generated - Human Forgery",-0.567791958151431,-1.39653844360305,0.281768134390847,0.92,"Cue"
"AuthenticitySR","response","Total","AI-Generated - Human Original",-1.31777776702545,-2.7312431913279,0.159631654621823,0.9565,"Decomposition"
"AuthenticitySR","response","Direct","AI-Generated - Human Original",-0.565228629419606,-1.99767489890288,0.958375802679479,0.77625,"Decomposition"
"AuthenticitySR","response","Indirect (joint)","AI-Generated - Human Original",-0.750391668152684,-1.10817035584316,-0.399544595974532,1,"Decomposition"
"AuthenticitySR","response","Indirect (joint, exact)","AI-Generated - Human Original",-0.758321924272515,-1.05027790177512,-0.425907480188825,1,"Decomposition"
"AuthenticitySR","response","Indirect (Beauty)","AI-Generated - Human Original",-0.702247095092009,-1.09530040384698,-0.362298059391477,1,"Decomposition"
"AuthenticitySR","response","Indirect (SR)","AI-Generated - Human Original",-0.0626903034309296,-0.168248543606388,0.0195198518455113,0.952,"Decomposition"
"AuthenticitySR","response","Indirect (Beauty2)","AI-Generated - Human Original",0.0190512169829534,-0.0956810732638954,0.136627072822036,0.6525,"Decomposition"
"AuthenticitySR","response","Mediator (Beauty)","AI-Generated - Human Original",-5.89429723502304,-7.01977726574501,-4.88460061443932,1,"Decomposition"
"AuthenticitySR","response","Mediator (SR)","AI-Generated - Human Original",-0.871255760368664,-1.89132104454685,0.168010752688172,0.9525,"Decomposition"
"AuthenticitySR","response","Mediator (Beauty2)","AI-Generated - Human Original",-1.73912730414747,-2.76296082949309,-0.71975806451613,0.99975,"Decomposition"
"AuthenticitySR","response","Total","Human Forgery - Human Original",-2.26186267791137,-3.79784347841213,-0.793632580658971,0.99825,"Decomposition"
"AuthenticitySR","response","Direct","Human Forgery - Human Original",-1.80492613147343,-3.30967848888643,-0.33615380211206,0.98925,"Decomposition"
"AuthenticitySR","response","Indirect (joint)","Human Forgery - Human Original",-0.460806171304851,-0.733582507367317,-0.206258638884573,1,"Decomposition"
"AuthenticitySR","response","Indirect (joint, exact)","Human Forgery - Human Original",-0.468495179884088,-0.667142975739543,-0.277284025003954,1,"Decomposition"
"AuthenticitySR","response","Indirect (Beauty)","Human Forgery - Human Original",-0.364817580363731,-0.629936295684469,-0.146837815061082,0.9995,"Decomposition"
"AuthenticitySR","response","Indirect (SR)","Human Forgery - Human Original",-0.0396631428838801,-0.131303570566833,0.0145511663739646,0.9215,"Decomposition"
"AuthenticitySR","response","Indirect (Beauty2)","Human Forgery - Human Original",-0.0384335716804229,-0.143821914237355,0.0299546953127102,0.88675,"Decomposition"
"AuthenticitySR","response","Mediator (Beauty)","Human Forgery - Human Original",-3.69052419354839,-4.81586021505376,-2.62730414746544,1,"Decomposition"
"AuthenticitySR","response","Mediator (SR)","Human Forgery - Human Original",-0.796850998463902,-1.80491551459293,0.230414746543779,0.939,"Decomposition"
"AuthenticitySR","response","Mediator (Beauty2)","Human Forgery - Human Original",-1.02508160522273,-2.10483870967742,0.0147849462365593,0.969,"Decomposition"
"AuthenticitySR","response","Total","AI-Generated - Human Forgery",0.940456050352169,-0.567522278576572,2.44267988485269,0.8875,"Decomposition"
"AuthenticitySR","response","Direct","AI-Generated - Human Forgery",1.21182353148722,-0.297583845175953,2.69018773095676,0.9415,"Decomposition"
"AuthenticitySR","response","Indirect (joint)","AI-Generated - Human Forgery",-0.256985660011179,-0.488319363225231,-0.039290570134258,0.9945,"Decomposition"
"AuthenticitySR","response","Indirect (joint, exact)","AI-Generated - Human Forgery",-0.262782344549467,-0.380606902789749,-0.140533142384225,1,"Decomposition"
"AuthenticitySR","response","Indirect (Beauty)","AI-Generated - Human Forgery",-0.257718191326767,-0.45316432361159,-0.0839365053590913,1,"Decomposition"
"AuthenticitySR","response","Indirect (SR)","AI-Generated - Human Forgery",-0.00538588678089897,-0.102778973729149,0.0871247438488307,0.552,"Decomposition"
"AuthenticitySR","response","Indirect (Beauty2)","AI-Generated - Human Forgery",0.00445619953816343,-0.043520203260814,0.0867525286237554,0.6175,"Decomposition"
"AuthenticitySR","response","Mediator (Beauty)","AI-Generated - Human Forgery",-2.19527649769585,-3.30616359447005,-1.08592549923195,1,"Decomposition"
"AuthenticitySR","response","Mediator (SR)","AI-Generated - Human Forgery",-0.0768049155145929,-1.15207373271889,1.036866359447,0.5515,"Decomposition"
"AuthenticitySR","response","Mediator (Beauty2)","AI-Generated - Human Forgery",-0.714861751152074,-1.89664938556068,0.364823348694315,0.89975,"Decomposition"
"AuthenticitySR","mu","Beauty","Human Original",2.25690824832972,1.33644668713595,3.31549971536405,1,"Cue"
"AuthenticitySR","mu","Beauty","Human Forgery",1.15429197014832,0.199519437039386,2.15480001709911,0.99,"Cue"
"AuthenticitySR","mu","Beauty","AI-Generated",1.56857390368265,0.595400064202611,2.58621579870472,0.99925,"Cue"
"AuthenticitySR","mu","Beauty","AI-Generated - Human Original",-0.683382960642298,-2.06979521420381,0.577199628412461,0.84375,"Cue"
"AuthenticitySR","mu","Beauty","Human Forgery - Human Original",-1.1182583856312,-2.39331916141589,0.308108069054569,0.94675,"Cue"
"AuthenticitySR","mu","Beauty","AI-Generated - Human Forgery",0.426668588682011,-0.957615386295463,1.75793543372671,0.728,"Cue"
"AuthenticitySR","mu","SR","Human Original",0.242457719534572,-0.648894198167937,1.1468882040398,0.6985,"Cue"
"AuthenticitySR","mu","SR","Human Forgery",0.648088130214441,-0.247902089566598,1.58162621319491,0.9145,"Cue"
"AuthenticitySR","mu","SR","AI-Generated",1.15988853210053,0.207089454712206,2.05039366431192,0.9935,"Cue"
"AuthenticitySR","mu","SR","AI-Generated - Human Original",0.925226004525104,-0.264895379482988,2.10772386131591,0.93275,"Cue"
"AuthenticitySR","mu","SR","Human Forgery - Human Original",0.406445378890508,-0.809323741052026,1.55913643277134,0.74625,"Cue"
"AuthenticitySR","mu","SR","AI-Generated - Human Forgery",0.511284996409567,-0.809288234920602,1.72919922132125,0.7815,"Cue"
"AuthenticitySR","mu","Beauty2","Human Original",0.667873521906587,-0.405273441895226,1.71821924711768,0.88925,"Cue"
"AuthenticitySR","mu","Beauty2","Human Forgery",1.0377194602374,-0.0384104458046042,2.18538372633592,0.96625,"Cue"
"AuthenticitySR","mu","Beauty2","AI-Generated",-0.268600777749872,-1.34443930388339,0.831194721879758,0.6805,"Cue"
"AuthenticitySR","mu","Beauty2","AI-Generated - Human Original",-0.932454083505674,-2.27483080915114,0.364072855070618,0.91425,"Cue"
"AuthenticitySR","mu","Beauty2","Human Forgery - Human Original",0.379716378348272,-0.984039752930321,1.79682938099374,0.714,"Cue"
"AuthenticitySR","mu","Beauty2","AI-Generated - Human Forgery",-1.31206017254848,-2.75797822831175,0.0740651643705847,0.96675,"Cue"
"AuthenticitySR","mu","Total","AI-Generated - Human Original",-1.77496135730138,-4.39360936454299,0.563998279586061,0.91675,"Decomposition"
"AuthenticitySR","mu","Direct","AI-Generated - Human Original",-0.809362849076734,-3.45374335344902,1.59141722250614,0.742,"Decomposition"
"AuthenticitySR","mu","Indirect (joint)","AI-Generated - Human Original",-0.967609554488689,-1.54614907411742,-0.392109467915638,1,"Decomposition"
"AuthenticitySR","mu","Indirect (joint, exact)","AI-Generated - Human Original",-0.984186779157026,-1.50092693893329,-0.422544914629497,1,"Decomposition"
"AuthenticitySR","mu","Indirect (Beauty)","AI-Generated - Human Original",-0.913640411968922,-1.49768878218947,-0.265421052507921,0.99925,"Decomposition"
"AuthenticitySR","mu","Indirect (SR)","AI-Generated - Human Original",-0.090717669380229,-0.26421721141438,0.0258587238257303,0.9465,"Decomposition"
"AuthenticitySR","mu","Indirect (Beauty2)","AI-Generated - Human Original",0.0414818226709971,-0.144925948244979,0.256867458922223,0.68075,"Decomposition"
"AuthenticitySR","mu","Mediator (Beauty)","AI-Generated - Human Original",-5.89429723502304,-7.01977726574501,-4.88460061443932,1,"Decomposition"
"AuthenticitySR","mu","Mediator (SR)","AI-Generated - Human Original",-0.871255760368664,-1.89132104454685,0.168010752688172,0.9525,"Decomposition"
"AuthenticitySR","mu","Mediator (Beauty2)","AI-Generated - Human Original",-1.73912730414747,-2.76296082949309,-0.71975806451613,0.99975,"Decomposition"
"AuthenticitySR","mu","Total","Human Forgery - Human Original",-3.69724594266202,-6.31718991733693,-1.15485585277318,0.99725,"Decomposition"
"AuthenticitySR","mu","Direct","Human Forgery - Human Original",-3.12489963540485,-5.684991901767,-0.470356193163757,0.9885,"Decomposition"
"AuthenticitySR","mu","Indirect (joint)","Human Forgery - Human Original",-0.573356530228323,-0.990322511621995,-0.17478704488638,0.99875,"Decomposition"
"AuthenticitySR","mu","Indirect (joint, exact)","Human Forgery - Human Original",-0.585268260789712,-0.91668614834558,-0.2584089662787,1,"Decomposition"
"AuthenticitySR","mu","Indirect (Beauty)","Human Forgery - Human Original",-0.411924036316534,-0.801200160248081,-0.0403798129232432,0.99,"Decomposition"
"AuthenticitySR","mu","Indirect (SR)","Human Forgery - Human Original",-0.0402450212333867,-0.175193286217691,0.0335015319823852,0.863,"Decomposition"
"AuthenticitySR","mu","Indirect (Beauty2)","Human Forgery - Human Original",-0.0930681735903605,-0.276666353700031,0.0373388498588932,0.93775,"Decomposition"
"AuthenticitySR","mu","Mediator (Beauty)","Human Forgery - Human Original",-3.69052419354839,-4.81586021505376,-2.62730414746544,1,"Decomposition"
"AuthenticitySR","mu","Mediator (SR)","Human Forgery - Human Original",-0.796850998463902,-1.80491551459293,0.230414746543779,0.939,"Decomposition"
"AuthenticitySR","mu","Mediator (Beauty2)","Human Forgery - Human Original",-1.02508160522273,-2.10483870967742,0.0147849462365593,0.969,"Decomposition"
"AuthenticitySR","mu","Total","AI-Generated - Human Forgery",1.90272978223458,-0.746145510219785,4.53426253960994,0.9245,"Decomposition"
"AuthenticitySR","mu","Direct","AI-Generated - Human Forgery",2.24947962908997,-0.317385434237871,4.88972132943435,0.953,"Decomposition"
"AuthenticitySR","mu","Indirect (joint)","AI-Generated - Human Forgery",-0.327812692369914,-0.667089312245814,-0.0145027852284877,0.984,"Decomposition"
"AuthenticitySR","mu","Indirect (joint, exact)","AI-Generated - Human Forgery",-0.33642887904724,-0.53641210631219,-0.123999835296296,0.99975,"Decomposition"
"AuthenticitySR","mu","Indirect (Beauty)","AI-Generated - Human Forgery",-0.334767222413415,-0.657461301701055,-0.0908995194699227,0.99925,"Decomposition"
"AuthenticitySR","mu","Indirect (SR)","AI-Generated - Human Forgery",-0.00723832122147923,-0.149488265019665,0.139781172264239,0.5525,"Decomposition"
"AuthenticitySR","mu","Indirect (Beauty2)","AI-Generated - Human Forgery",0.00976001040553776,-0.075344925208537,0.146929796713659,0.63975,"Decomposition"
"AuthenticitySR","mu","Mediator (Beauty)","AI-Generated - Human Forgery",-2.19527649769585,-3.30616359447005,-1.08592549923195,1,"Decomposition"
"AuthenticitySR","mu","Mediator (SR)","AI-Generated - Human Forgery",-0.0768049155145929,-1.15207373271889,1.036866359447,0.5515,"Decomposition"
"AuthenticitySR","mu","Mediator (Beauty2)","AI-Generated - Human Forgery",-0.714861751152074,-1.89664938556068,0.364823348694315,0.89975,"Decomposition"
"AuthenticitySR","confright","Beauty","Human Original",0.682092891604508,0.20536205485111,1.18928678077018,0.9965,"Cue"
"AuthenticitySR","confright","Beauty","Human Forgery",0.846884712991436,0.325477460549006,1.36955520182197,0.99925,"Cue"
"AuthenticitySR","confright","Beauty","AI-Generated",0.427329741277654,-0.123916466904295,0.935096601945351,0.93875,"Cue"
"AuthenticitySR","confright","Beauty","AI-Generated - Human Original",-0.252147943981124,-0.947169764841993,0.396382230575643,0.766,"Cue"
"AuthenticitySR","confright","Beauty","Human Forgery - Human Original",0.164363214994911,-0.469715577222585,0.828853587129419,0.68725,"Cue"
"AuthenticitySR","confright","Beauty","AI-Generated - Human Forgery",-0.422366043252242,-1.10879185238572,0.289224792900389,0.876,"Cue"
"AuthenticitySR","confright","SR","Human Original",0.413510462762001,-0.0143267662090496,0.818574440897835,0.975,"Cue"
"AuthenticitySR","confright","SR","Human Forgery",0.627452244428173,0.136858639455228,1.08354566035257,0.99525,"Cue"
"AuthenticitySR","confright","SR","AI-Generated",0.465933551379416,0.0648241353340406,0.927579710828907,0.983,"Cue"
"AuthenticitySR","confright","SR","AI-Generated - Human Original",0.0547770349211829,-0.560156173531168,0.600920881129563,0.5705,"Cue"
"AuthenticitySR","confright","SR","Human Forgery - Human Original",0.205463372694836,-0.390670984525998,0.826446385707613,0.755,"Cue"
"AuthenticitySR","confright","SR","AI-Generated - Human Forgery",-0.161889561992118,-0.760439428334592,0.461551771895108,0.69375,"Cue"
"AuthenticitySR","confright","Beauty2","Human Original",0.564568024794487,0.0558535226826695,1.0583960111909,0.98475,"Cue"
"AuthenticitySR","confright","Beauty2","Human Forgery",-0.00475598309743197,-0.543633524123288,0.498110609264635,0.50625,"Cue"
"AuthenticitySR","confright","Beauty2","AI-Generated",0.389536189836032,-0.117083061556611,0.928159723073918,0.93475,"Cue"
"AuthenticitySR","confright","Beauty2","AI-Generated - Human Original",-0.162771266063677,-0.862605397179805,0.494855270739281,0.676,"Cue"
"AuthenticitySR","confright","Beauty2","Human Forgery - Human Original",-0.564455189360269,-1.24719771403808,0.101075400003425,0.95125,"Cue"
"AuthenticitySR","confright","Beauty2","AI-Generated - Human Forgery",0.4004044382237,-0.29042759431086,1.15667928069496,0.863,"Cue"
"AuthenticitySR","confright","Total","AI-Generated - Human Original",-1.17594226248224,-2.39092563825716,-0.0108564231645415,0.97125,"Decomposition"
"AuthenticitySR","confright","Direct","AI-Generated - Human Original",-0.805593926045345,-2.1122513377541,0.310994414114574,0.90525,"Decomposition"
"AuthenticitySR","confright","Indirect (joint)","AI-Generated - Human Original",-0.360204365258244,-0.679813330668055,-0.0685368413841761,0.99175,"Decomposition"
"AuthenticitySR","confright","Indirect (joint, exact)","AI-Generated - Human Original",-0.362796598935883,-0.627352597487218,-0.0609689610548081,0.995,"Decomposition"
"AuthenticitySR","confright","Indirect (Beauty)","AI-Generated - Human Original",-0.250296383558353,-0.567257531195456,0.0712197849623578,0.93875,"Decomposition"
"AuthenticitySR","confright","Indirect (SR)","AI-Generated - Human Original",-0.0354807334039372,-0.109000720394269,0.0146654100209917,0.937,"Decomposition"
"AuthenticitySR","confright","Indirect (Beauty2)","AI-Generated - Human Original",-0.0623845197126232,-0.175123371088137,0.0298137882308724,0.9345,"Decomposition"
"AuthenticitySR","confright","Mediator (Beauty)","AI-Generated - Human Original",-5.89429723502304,-7.01977726574501,-4.88460061443932,1,"Decomposition"
"AuthenticitySR","confright","Mediator (SR)","AI-Generated - Human Original",-0.871255760368664,-1.89132104454685,0.168010752688172,0.9525,"Decomposition"
"AuthenticitySR","confright","Mediator (Beauty2)","AI-Generated - Human Original",-1.73912730414747,-2.76296082949309,-0.71975806451613,0.99975,"Decomposition"
"AuthenticitySR","confright","Total","Human Forgery - Human Original",-0.334851272720207,-1.50094024230243,0.857002169304935,0.7125,"Decomposition"
"AuthenticitySR","confright","Direct","Human Forgery - Human Original",0.0283507427304375,-1.07735806062933,1.26083414193777,0.5185,"Decomposition"
"AuthenticitySR","confright","Indirect (joint)","Human Forgery - Human Original",-0.356708190687396,-0.596910389493745,-0.155303498982073,0.99975,"Decomposition"
"AuthenticitySR","confright","Indirect (joint, exact)","Human Forgery - Human Original",-0.364084521713165,-0.534987104474327,-0.187924660090677,1,"Decomposition"
"AuthenticitySR","confright","Indirect (Beauty)","Human Forgery - Human Original",-0.307786512568037,-0.528197841555287,-0.102714340458096,0.99925,"Decomposition"
"AuthenticitySR","confright","Indirect (SR)","Human Forgery - Human Original",-0.0439948974846113,-0.132120565620672,0.0182689894027028,0.93525,"Decomposition"
"AuthenticitySR","confright","Indirect (Beauty2)","Human Forgery - Human Original",0.000209622608419115,-0.0643853974754231,0.063443884224663,0.50875,"Decomposition"
"AuthenticitySR","confright","Mediator (Beauty)","Human Forgery - Human Original",-3.69052419354839,-4.81586021505376,-2.62730414746544,1,"Decomposition"
"AuthenticitySR","confright","Mediator (SR)","Human Forgery - Human Original",-0.796850998463902,-1.80491551459293,0.230414746543779,0.939,"Decomposition"
"AuthenticitySR","confright","Mediator (Beauty2)","Human Forgery - Human Original",-1.02508160522273,-2.10483870967742,0.0147849462365593,0.969,"Decomposition"
"AuthenticitySR","confright","Total","AI-Generated - Human Forgery",-0.835372692943053,-2.0454745397997,0.37357117656345,0.9175,"Decomposition"
"AuthenticitySR","confright","Direct","AI-Generated - Human Forgery",-0.704441710100839,-1.9889381880409,0.421773923896707,0.8815,"Decomposition"
"AuthenticitySR","confright","Indirect (joint)","AI-Generated - Human Forgery",-0.1221746921798,-0.302280008989494,0.0352529170215356,0.941,"Decomposition"
"AuthenticitySR","confright","Indirect (joint, exact)","AI-Generated - Human Forgery",-0.126675828716916,-0.228438216531046,-0.0134222961096553,0.99,"Decomposition"
"AuthenticitySR","confright","Indirect (Beauty)","AI-Generated - Human Forgery",-0.0883452194380998,-0.231307105369544,0.0338730024887954,0.93875,"Decomposition"
"AuthenticitySR","confright","Indirect (SR)","AI-Generated - Human Forgery",-0.00239168958989044,-0.0631242448579424,0.0575114291631388,0.551,"Decomposition"
"AuthenticitySR","confright","Indirect (Beauty2)","AI-Generated - Human Forgery",-0.0219822296335709,-0.10437275327998,0.0252279687536231,0.848,"Decomposition"
"AuthenticitySR","confright","Mediator (Beauty)","AI-Generated - Human Forgery",-2.19527649769585,-3.30616359447005,-1.08592549923195,1,"Decomposition"
"AuthenticitySR","confright","Mediator (SR)","AI-Generated - Human Forgery",-0.0768049155145929,-1.15207373271889,1.036866359447,0.5515,"Decomposition"
"AuthenticitySR","confright","Mediator (Beauty2)","AI-Generated - Human Forgery",-0.714861751152074,-1.89664938556068,0.364823348694315,0.89975,"Decomposition"
"AuthenticitySR","confleft","Beauty","Human Original",-0.553447645344179,-1.1947051115711,0.0416616484140153,0.95525,"Cue"
"AuthenticitySR","confleft","Beauty","Human Forgery",-0.628185288519739,-1.24321020954926,0.0454514104937798,0.96775,"Cue"
"AuthenticitySR","confleft","Beauty","AI-Generated",-1.27980035991565,-1.94250139826718,-0.67731418373651,1,"Cue"
"AuthenticitySR","confleft","Beauty","AI-Generated - Human Original",-0.729155484595734,-1.57870165238932,0.105699356622468,0.9575,"Cue"
"AuthenticitySR","confleft","Beauty","Human Forgery - Human Original",-0.0823128773714821,-0.902017841107994,0.76997822242636,0.57475,"Cue"
"AuthenticitySR","confleft","Beauty","AI-Generated - Human Forgery",-0.650952177850384,-1.48228482448476,0.29743261557974,0.92375,"Cue"
"AuthenticitySR","confleft","SR","Human Original",0.1465419730039,-0.414371354962417,0.73076569919267,0.68975,"Cue"
"AuthenticitySR","confleft","SR","Human Forgery",-0.109502142013385,-0.69295058922203,0.498824443920631,0.64875,"Cue"
"AuthenticitySR","confleft","SR","AI-Generated",-0.0066889638348222,-0.627814902579349,0.570020231259405,0.51075,"Cue"
"AuthenticitySR","confleft","SR","AI-Generated - Human Original",-0.162789201905378,-0.939004227742624,0.624752023003883,0.64925,"Cue"
"AuthenticitySR","confleft","SR","Human Forgery - Human Original",-0.251631922722706,-1.0233559840877,0.54413195876804,0.73975,"Cue"
"AuthenticitySR","confleft","SR","AI-Generated - Human Forgery",0.103070890192708,-0.728284961319492,0.967312999240577,0.5955,"Cue"
"AuthenticitySR","confleft","Beauty2","Human Original",0.28240252803248,-0.34372776854974,0.917402628890285,0.8015,"Cue"
"AuthenticitySR","confleft","Beauty2","Human Forgery",0.71577248459985,0.0474540240688048,1.38173774232175,0.983,"Cue"
"AuthenticitySR","confleft","Beauty2","AI-Generated",0.676122005156543,0.0118487388211241,1.32181854899172,0.97775,"Cue"
"AuthenticitySR","confleft","Beauty2","AI-Generated - Human Original",0.402568511917334,-0.501171537474421,1.25644434489552,0.806,"Cue"
"AuthenticitySR","confleft","Beauty2","Human Forgery - Human Original",0.432113855024785,-0.469997114882492,1.27291286603348,0.83325,"Cue"
"AuthenticitySR","confleft","Beauty2","AI-Generated - Human Forgery",-0.0459454534284254,-1.04880341008803,0.891934336558431,0.5365,"Cue"
"AuthenticitySR","confleft","Total","AI-Generated - Human Original",-0.188402777901192,-1.9895883544415,1.47419305411772,0.57925,"Decomposition"
"AuthenticitySR","confleft","Direct","AI-Generated - Human Original",-0.813835754024567,-2.50025601584244,1.06257283929473,0.82075,"Decomposition"
"AuthenticitySR","confleft","Indirect (joint)","AI-Generated - Human Original",0.636315563707022,0.297831308452596,1.02489160334828,1,"Decomposition"
"AuthenticitySR","confleft","Indirect (joint, exact)","AI-Generated - Human Original",0.639540996699969,0.284312071805159,0.95948119028384,1,"Decomposition"
"AuthenticitySR","confleft","Indirect (Beauty)","AI-Generated - Human Original",0.748113627876858,0.392963724507106,1.19933712534239,1,"Decomposition"
"AuthenticitySR","confleft","Indirect (SR)","AI-Generated - Human Original",0.000291557399094604,-0.0651203486523496,0.0679200133184675,0.5135,"Decomposition"
"AuthenticitySR","confleft","Indirect (Beauty2)","AI-Generated - Human Original",-0.111005478368847,-0.258439032721859,0.00696933045451134,0.9775,"Decomposition"
"AuthenticitySR","confleft","Mediator (Beauty)","AI-Generated - Human Original",-5.89429723502304,-7.01977726574501,-4.88460061443932,1,"Decomposition"
"AuthenticitySR","confleft","Mediator (SR)","AI-Generated - Human Original",-0.871255760368664,-1.89132104454685,0.168010752688172,0.9525,"Decomposition"
"AuthenticitySR","confleft","Mediator (Beauty2)","AI-Generated - Human Original",-1.73912730414747,-2.76296082949309,-0.71975806451613,0.99975,"Decomposition"
"AuthenticitySR","confleft","Total","Human Forgery - Human Original",0.666121533267609,-0.954294283416179,2.45531180875334,0.77975,"Decomposition"
"AuthenticitySR","confleft","Direct","Human Forgery - Human Original",0.491115039866086,-1.14102963880072,2.30558891663601,0.71625,"Decomposition"
"AuthenticitySR","confleft","Indirect (joint)","Human Forgery - Human Original",0.16453912577635,-0.0632854045503601,0.401010114160207,0.93325,"Decomposition"
"AuthenticitySR","confleft","Indirect (joint, exact)","Human Forgery - Human Original",0.168275777332094,-0.05702637508192,0.365419139222695,0.93425,"Decomposition"
"AuthenticitySR","confleft","Indirect (Beauty)","Human Forgery - Human Original",0.225016640377157,-0.0197750423313648,0.49090205812874,0.96775,"Decomposition"
"AuthenticitySR","confleft","Indirect (SR)","Human Forgery - Human Original",0.00499577697198429,-0.0483940853850954,0.0754287020824587,0.62975,"Decomposition"
"AuthenticitySR","confleft","Indirect (Beauty2)","Human Forgery - Human Original",-0.0652564977036313,-0.188886745955711,0.020996810489674,0.953,"Decomposition"
"AuthenticitySR","confleft","Mediator (Beauty)","Human Forgery - Human Original",-3.69052419354839,-4.81586021505376,-2.62730414746544,1,"Decomposition"
"AuthenticitySR","confleft","Mediator (SR)","Human Forgery - Human Original",-0.796850998463902,-1.80491551459293,0.230414746543779,0.939,"Decomposition"
"AuthenticitySR","confleft","Mediator (Beauty2)","Human Forgery - Human Original",-1.02508160522273,-2.10483870967742,0.0147849462365593,0.969,"Decomposition"
"AuthenticitySR","confleft","Total","AI-Generated - Human Forgery",-0.845393862310419,-2.71035037043273,0.887381454702347,0.819,"Decomposition"
"AuthenticitySR","confleft","Direct","AI-Generated - Human Forgery",-1.08409821994491,-2.8788126381469,0.727784023101974,0.87475,"Decomposition"
"AuthenticitySR","confleft","Indirect (joint)","AI-Generated - Human Forgery",0.224476476796228,0.0470644268922839,0.410920419445897,0.9995,"Decomposition"
"AuthenticitySR","confleft","Indirect (joint, exact)","AI-Generated - Human Forgery",0.232817012266884,0.104469789623363,0.360622111607145,1,"Decomposition"
"AuthenticitySR","confleft","Indirect (Beauty)","AI-Generated - Human Forgery",0.271904900807209,0.0971284388662189,0.493662619949235,1,"Decomposition"
"AuthenticitySR","confleft","Indirect (SR)","AI-Generated - Human Forgery",3.78639158649757e-05,-0.0423011300792852,0.0362399754820239,0.50525,"Decomposition"
"AuthenticitySR","confleft","Indirect (Beauty2)","AI-Generated - Human Forgery",-0.0411635503075256,-0.153339223543164,0.0404701522100183,0.8815,"Decomposition"
"AuthenticitySR","confleft","Mediator (Beauty)","AI-Generated - Human Forgery",-2.19527649769585,-3.30616359447005,-1.08592549923195,1,"Decomposition"
"AuthenticitySR","confleft","Mediator (SR)","AI-Generated - Human Forgery",-0.0768049155145929,-1.15207373271889,1.036866359447,0.5515,"Decomposition"
"AuthenticitySR","confleft","Mediator (Beauty2)","AI-Generated - Human Forgery",-0.714861751152074,-1.89664938556068,0.364823348694315,0.89975,"Decomposition"
"ArtificialitySR","response","SR","Old",-0.932432890281332,-1.38030105805886,-0.506872592768048,1,"Slope by Type"
"ArtificialitySR","response","SR","New",-1.01913448483171,-1.43410335519012,-0.653741155934973,1,"Slope by Type"
"ArtificialitySR","response","SR","New - Old",-0.0869706574698759,-0.576815936873531,0.450557591112233,0.61925,"Slope by Type"
"ArtificialitySR","response","Beauty2","Old",-1.70317523839486,-2.22717396689025,-1.15269806294054,1,"Slope by Type"
"ArtificialitySR","response","Beauty2","New",-1.68562126424256,-2.21190241379313,-1.19384992597709,1,"Slope by Type"
"ArtificialitySR","response","Beauty2","New - Old",0.0210143932692253,-0.533974906989143,0.574461636629331,0.53,"Slope by Type"
"ArtificialitySR","mu","SR","Old",-1.89996545266019,-2.91475717958556,-0.940882810039234,1,"Slope by Type"
"ArtificialitySR","mu","SR","New",-2.12573843103275,-3.0791750506356,-1.28881477087084,1,"Slope by Type"
"ArtificialitySR","mu","SR","New - Old",-0.223912763085421,-1.3797714592868,0.948196440805238,0.64775,"Slope by Type"
"ArtificialitySR","mu","Beauty2","Old",-2.97599054145247,-4.22270323324201,-1.7374702614166,1,"Slope by Type"
"ArtificialitySR","mu","Beauty2","New",-2.92764201838811,-4.08379278831262,-1.79338104278598,1,"Slope by Type"
"ArtificialitySR","mu","Beauty2","New - Old",0.050247366928946,-1.15487320174855,1.30862697489249,0.53675,"Slope by Type"
"ArtificialitySR","confright","SR","Old",-0.335594068509831,-0.75336701572265,0.0870872116185972,0.94575,"Slope by Type"
"ArtificialitySR","confright","SR","New",-0.410704048755817,-0.770413941714565,-0.050989142407698,0.985,"Slope by Type"
"ArtificialitySR","confright","SR","New - Old",-0.0746713578137492,-0.589067765468188,0.421638249683831,0.61975,"Slope by Type"
"ArtificialitySR","confright","Beauty2","Old",-1.14663132589294,-1.63807816095074,-0.701251844808165,1,"Slope by Type"
"ArtificialitySR","confright","Beauty2","New",-1.07920779679782,-1.51775517453909,-0.65713446278492,1,"Slope by Type"
"ArtificialitySR","confright","Beauty2","New - Old",0.0680409622004441,-0.469309023358733,0.571214447696816,0.6025,"Slope by Type"
"ArtificialitySR","confleft","SR","Old",0.209689011767655,-0.234333023042099,0.62441991967932,0.828,"Slope by Type"
"ArtificialitySR","confleft","SR","New",0.0338440043586297,-0.372159403662808,0.392639367865932,0.5675,"Slope by Type"
"ArtificialitySR","confleft","SR","New - Old",-0.175597330580951,-0.680542152534103,0.402276657670508,0.735,"Slope by Type"
"ArtificialitySR","confleft","Beauty2","Old",0.4245143426134,-0.19548069886568,0.981797827967656,0.91575,"Slope by Type"
"ArtificialitySR","confleft","Beauty2","New",0.634608068012193,0.0915715806230566,1.18426002453483,0.98825,"Slope by Type"
"ArtificialitySR","confleft","Beauty2","New - Old",0.217884141723279,-0.442307465229574,0.935370161344234,0.7335,"Slope by Type"
