"Parameter","At","Level","Median","CI_low","CI_high","pd"
"response",-0.4,"Human Original",0.247124433484014,-0.942012336588749,1.26518576034007,0.6685
"response",-0.4,"Human Forgery",-0.0599023390118192,-1.1827699026673,1.15331396305307,0.54525
"response",-0.4,"AI-Generated",-0.38019497983538,-1.4136570090566,0.778710522439385,0.752
"response",-0.4,"Human Forgery - Human Original",-0.311800452215572,-1.62457005237182,1.07315286746223,0.669
"response",-0.4,"AI-Generated - Human Original",-0.611908762923996,-1.96421545722925,0.628681093128525,0.8205
"response",-0.4,"AI-Generated - Human Forgery",-0.317631074961466,-1.73248607854426,1.15236453763456,0.66925
"mu",-0.4,"Human Original",0.440501472598498,-1.5344216898614,2.20483954896444,0.67675
"mu",-0.4,"Human Forgery",-0.274863821940807,-2.18408999843678,1.74377188128849,0.61225
"mu",-0.4,"AI-Generated",-0.780166856806042,-2.6090396494679,0.965311033765293,0.80475
"mu",-0.4,"Human Forgery - Human Original",-0.713968992940739,-2.93975823050507,1.61219239308952,0.72275
"mu",-0.4,"AI-Generated - Human Original",-1.18301286055994,-3.33547062324258,1.02334222679634,0.855
"mu",-0.4,"AI-Generated - Human Forgery",-0.484107514328036,-2.91241954274335,1.90177773963895,0.66125
"confright",-0.4,"Human Original",-0.807350434388121,-1.69418208642391,0.103576325660937,0.96
"confright",-0.4,"Human Forgery",-0.532069465747464,-1.59382606888314,0.520154873262735,0.842
"confright",-0.4,"AI-Generated",-0.929311315122749,-1.93136228165447,0.00437691021915043,0.96925
"confright",-0.4,"Human Forgery - Human Original",0.264722612240198,-0.846464201239128,1.46312366094248,0.675
"confright",-0.4,"AI-Generated - Human Original",-0.13264237173416,-1.22525303625254,1.01651307467643,0.5895
"confright",-0.4,"AI-Generated - Human Forgery",-0.384831177198119,-1.64151423626302,0.876307841922497,0.72575
"confleft",-0.4,"Human Original",-1.12486940014295,-2.07495281393599,-0.114730481310055,0.98575
"confleft",-0.4,"Human Forgery",-1.19498168293203,-2.43553289292631,0.0135313206751642,0.97075
"confleft",-0.4,"AI-Generated",-1.72323519938405,-2.75864459223507,-0.567245780994985,0.99925
"confleft",-0.4,"Human Forgery - Human Original",-0.0608081801706795,-1.3829206157121,1.28429530558283,0.53725
"confleft",-0.4,"AI-Generated - Human Original",-0.607417471698068,-1.82568044307563,0.628131058866277,0.831
"confleft",-0.4,"AI-Generated - Human Forgery",-0.535660011925232,-2.02432165900079,0.900145188761581,0.759
"response",-0.2,"Human Original",1.12979553970166,0.470162794837803,1.76191873483034,0.99975
"response",-0.2,"Human Forgery",0.747970144658883,0.106490450749397,1.41185832076995,0.9895
"response",-0.2,"AI-Generated",0.608920633990595,0.0298991350027311,1.26403016684684,0.9715
"response",-0.2,"Human Forgery - Human Original",-0.383405282454952,-1.14885625441596,0.426001467002335,0.82625
"response",-0.2,"AI-Generated - Human Original",-0.523453687627629,-1.29506085050868,0.222432592094979,0.9085
"response",-0.2,"AI-Generated - Human Forgery",-0.143542236208494,-0.887798649644167,0.711489400048282,0.6435
"mu",-0.2,"Human Original",1.74931058126643,0.628447777315522,2.90597883277888,0.99925
"mu",-0.2,"Human Forgery",0.97503107236957,-0.131406130707057,2.15180108063417,0.9585
"mu",-0.2,"AI-Generated",0.704697954325095,-0.312908687433722,1.78281796136714,0.91025
"mu",-0.2,"Human Forgery - Human Original",-0.781229838417941,-2.21083721641602,0.540338340885183,0.85525
"mu",-0.2,"AI-Generated - Human Original",-1.03041268490117,-2.33724685905079,0.344408145536601,0.9385
"mu",-0.2,"AI-Generated - Human Forgery",-0.281766956792662,-1.69865605988551,1.10628397558687,0.657
"confright",-0.2,"Human Original",0.129505036179089,-0.405720576479363,0.737065562365191,0.6705
"confright",-0.2,"Human Forgery",0.420101253259364,-0.165517574976404,1.06008741257091,0.907
"confright",-0.2,"AI-Generated",0.0507651641841189,-0.504874521668808,0.647483152098616,0.574
"confright",-0.2,"Human Forgery - Human Original",0.27606233158417,-0.378530798362919,1.0208151589628,0.7905
"confright",-0.2,"AI-Generated - Human Original",-0.0760630715989086,-0.753254976200823,0.610303397307055,0.58875
"confright",-0.2,"AI-Generated - Human Forgery",-0.357690201587157,-1.10112939252693,0.365914724541172,0.82675
"confleft",-0.2,"Human Original",-0.749527161299335,-1.38078347609327,-0.160939240491431,0.9925
"confleft",-0.2,"Human Forgery",-0.510636926492614,-1.2316329693024,0.143121842713811,0.93025
"confleft",-0.2,"AI-Generated",-1.09513971645381,-1.75914952145839,-0.5017949812407,0.99975
"confleft",-0.2,"Human Forgery - Human Original",0.238876779280334,-0.585324078076321,1.02305513500323,0.71
"confleft",-0.2,"AI-Generated - Human Original",-0.344111847643047,-1.12870005794785,0.442586049805072,0.8095
"confleft",-0.2,"AI-Generated - Human Forgery",-0.581427527763856,-1.47073707432877,0.249203384997676,0.91125
"response",0,"Human Original",2.0038094996162,1.52255884971242,2.45220365368293,1
"response",0,"Human Forgery",1.57432161698573,1.06082749429293,2.07164949962413,1
"response",0,"AI-Generated",1.54699073440073,1.04117893033051,2.0465037242523,1
"response",0,"Human Forgery - Human Original",-0.426857612235432,-0.992810710796821,0.179486007512941,0.9265
"response",0,"AI-Generated - Human Original",-0.451855820414682,-1.05104099663123,0.111317422888613,0.9325
"response",0,"AI-Generated - Human Forgery",-0.0160478741662029,-0.638258579510498,0.614208924848647,0.51825
"mu",0,"Human Original",2.94349499187319,2.15053569919144,3.78474144009866,1
"mu",0,"Human Forgery",2.17426783484659,1.27365753065822,2.98785228290421,1
"mu",0,"AI-Generated",2.12471747357024,1.25050120881032,2.98880340168517,1
"mu",0,"Human Forgery - Human Original",-0.770496422863864,-1.75926571923246,0.264940460332985,0.928
"mu",0,"AI-Generated - Human Original",-0.810145737741186,-1.83485601796718,0.191035969062558,0.943
"mu",0,"AI-Generated - Human Forgery",-0.0547994948554842,-1.13442689202414,1.04488165323524,0.54025
"confright",0,"Human Original",1.06262151926628,0.665216748803821,1.46162300378527,1
"confright",0,"Human Forgery",1.36125869804099,0.953907907410234,1.79037766721868,1
"confright",0,"AI-Generated",1.03403898649013,0.604615952478516,1.4885514800842,1
"confright",0,"Human Forgery - Human Original",0.298885269530202,-0.201980133645141,0.781236393259221,0.881
"confright",0,"AI-Generated - Human Original",-0.0232016356810361,-0.532643538359356,0.459691681623964,0.53625
"confright",0,"AI-Generated - Human Forgery",-0.329744599445958,-0.867782339785128,0.165813809300364,0.8925
"confleft",0,"Human Original",-0.373762358778285,-0.819514626689499,0.0746976042146352,0.943
"confleft",0,"Human Forgery",0.165541306020756,-0.348334255445559,0.679602573918747,0.73975
"confleft",0,"AI-Generated",-0.447051765500139,-0.976128414555966,0.125983987537048,0.94675
"confleft",0,"Human Forgery - Human Original",0.537739789855329,-0.103559082130666,1.15016281777403,0.95075
"confleft",0,"AI-Generated - Human Original",-0.07657401673139,-0.742154404399287,0.593746454582211,0.58925
"confleft",0,"AI-Generated - Human Forgery",-0.611397935126878,-1.34786714456614,0.101589183930995,0.95375
"response",0.2,"Human Original",2.77872570375076,2.13382178406252,3.39083088178627,1
"response",0.2,"Human Forgery",2.42280778614623,1.60476739770976,3.2258887722969,1
"response",0.2,"AI-Generated",2.4557991738095,1.6570574175343,3.24084879696029,1
"response",0.2,"Human Forgery - Human Original",-0.365129812597953,-1.28665515428283,0.452991399069069,0.79
"response",0.2,"AI-Generated - Human Original",-0.327633388869375,-1.1170197371082,0.516752565634104,0.766
"response",0.2,"AI-Generated - Human Forgery",0.0480095246474521,-0.990585366430596,1.06795177362218,0.537
"mu",0.2,"Human Original",3.76038865395428,2.74372622858488,4.84001583862104,1
"mu",0.2,"Human Forgery",3.15725007840284,1.87939616035793,4.44644926219329,1
"mu",0.2,"AI-Generated",3.28123157626603,1.99326385483722,4.55864794246186,1
"mu",0.2,"Human Forgery - Human Original",-0.602012506810079,-2.07752308524378,0.74710365676478,0.795
"mu",0.2,"AI-Generated - Human Original",-0.477403198454851,-1.83799464015288,0.866391558745461,0.753
"mu",0.2,"AI-Generated - Human Forgery",0.113247342235223,-1.58426071957307,1.67025047587632,0.55275
"confright",0.2,"Human Original",1.95717689518871,1.39376886033882,2.48861807013523,1
"confright",0.2,"Human Forgery",2.26130778150757,1.55930998215614,2.9605168233271,1
"confright",0.2,"AI-Generated",1.98000040466106,1.25218075279954,2.69929880843145,1
"confright",0.2,"Human Forgery - Human Original",0.313758774136086,-0.463858801351802,1.02022164425408,0.782
"confright",0.2,"AI-Generated - Human Original",0.0250417349010879,-0.76008464027022,0.73969371889171,0.52625
"confright",0.2,"AI-Generated - Human Forgery",-0.274481915255587,-1.22068534899522,0.560877148385375,0.73025
"confleft",0.2,"Human Original",0.014777780015407,-0.688341425735206,0.703548438381163,0.51775
"confleft",0.2,"Human Forgery",0.84332445294194,-0.0873436944242023,1.74176386535363,0.96275
"confleft",0.2,"AI-Generated",0.196569134841118,-0.768215638231151,1.18219867757308,0.656
"confleft",0.2,"Human Forgery - Human Original",0.842919909133544,-0.186928733963088,1.8217177178414,0.94625
"confleft",0.2,"AI-Generated - Human Original",0.197621301883666,-0.90136432284782,1.23664698000242,0.636
"confleft",0.2,"AI-Generated - Human Forgery",-0.652319454369554,-2.0306359873446,0.567286514160159,0.83475
"response",0.4,"Human Original",3.32643986899717,2.51807480461552,4.01379477425701,1
"response",0.4,"Human Forgery",3.1745580639716,2.05480648534762,4.21176696516545,1
"response",0.4,"AI-Generated",3.21635251313529,2.19416462312805,4.15860943091961,1
"response",0.4,"Human Forgery - Human Original",-0.15058431812387,-1.31383514102479,0.92621938451376,0.61075
"response",0.4,"AI-Generated - Human Original",-0.110551857524843,-1.16585858635476,0.869046391846817,0.582
"response",0.4,"AI-Generated - Human Forgery",0.0349032465209453,-1.29736647321543,1.38620710681436,0.519
"mu",0.4,"Human Original",3.93137401915605,2.85143381646946,4.99278400346892,1
"mu",0.4,"Human Forgery",3.71651452075022,2.13729048862421,5.15838191930595,1
"mu",0.4,"AI-Generated",3.86367183580677,2.43796460778656,5.15001157209671,1
"mu",0.4,"Human Forgery - Human Original",-0.224814059555767,-1.78497193025362,1.30631163567407,0.61
"mu",0.4,"AI-Generated - Human Original",-0.0568366799064135,-1.64763342625196,1.291538134503,0.531
"mu",0.4,"AI-Generated - Human Forgery",0.153301479183132,-1.6619555022811,2.06154065250919,0.5615
"confright",0.4,"Human Original",2.74521571683189,1.95314651686418,3.53566261157234,1
"confright",0.4,"Human Forgery",3.01697119738908,2.02212340290198,4.06650465611991,1
"confright",0.4,"AI-Generated",2.8240728044453,1.71552737307556,3.79484030635624,1
"confright",0.4,"Human Forgery - Human Original",0.272013121511927,-0.855352305903945,1.33277236640872,0.69125
"confright",0.4,"AI-Generated - Human Original",0.0745685736916468,-1.03990317060931,1.13645921214711,0.558
"confright",0.4,"AI-Generated - Human Forgery",-0.188495066190675,-1.52979806665521,1.07084333343554,0.613
"confleft",0.4,"Human Original",0.390184003557115,-0.722963995340997,1.47262573958062,0.74925
"confleft",0.4,"Human Forgery",1.5104158449295,0.0326594112044498,2.95350076959178,0.975
"confleft",0.4,"AI-Generated",0.848500885246239,-0.691998454768028,2.37099146257291,0.855
"confleft",0.4,"Human Forgery - Human Original",1.10488798691138,-0.366803211740652,2.72240067355267,0.918
"confleft",0.4,"AI-Generated - Human Original",0.469382699701093,-1.13015245632908,2.0933004269027,0.71025
"confleft",0.4,"AI-Generated - Human Forgery",-0.67051836834095,-2.65603427939737,1.36783641150662,0.733
