"Outcome","Condition","Estimate","CI_low","CI_high","Response"
"Beauty","Human Original",0.547521531063325,0.521968113957744,0.572513657113112,NA
"Beauty","Human Forgery",0.510864108343585,0.485394003309587,0.535694150052483,NA
"Beauty","AI-Generated",0.477250076322958,0.451862822463532,0.501661233897554,NA
"Valence","Human Original",4.14435724768395,3.99073618837227,4.2951113797671,NA
"Valence","Human Forgery",3.93360948104755,3.78584809972103,4.07697558649006,NA
"Valence","AI-Generated",3.77356579165519,3.62668143650127,3.91572711301585,NA
"Meaning","Human Original",2.95735198533065,2.77907243483057,3.12954429655966,NA
"Meaning","Human Forgery",2.70199999603634,2.5229996886139,2.87398146161571,NA
"Meaning","AI-Generated",2.32618866919365,2.15015854798496,2.49629690670481,NA
"Worth","Human Original",0.295346773500666,0.283676559183689,0.308927037616366,"0"
"Worth","Human Forgery",0.391026469291204,0.376008343785259,0.406533118816458,"0"
"Worth","AI-Generated",0.478655134025984,0.462393875277621,0.494830435884423,"0"
"Worth","Human Original",0.234703079322953,0.226572293724467,0.241943760490831,"10"
"Worth","Human Forgery",0.250808840495822,0.242791892921527,0.258945780188702,"10"
"Worth","AI-Generated",0.247378816474247,0.239061450652561,0.256230606952846,"10"
"Worth","Human Original",0.245121613160413,0.237162855840257,0.252664555807069,"100"
"Worth","Human Forgery",0.214262785060286,0.206060705945916,0.222514543866163,"100"
"Worth","AI-Generated",0.173266094797479,0.164792233072021,0.182005337928392,"100"
"Worth","Human Original",0.165544367336812,0.156702763725773,0.173679044973205,"1000"
"Worth","Human Forgery",0.111018653314263,0.103655993570517,0.118668033301476,"1000"
"Worth","AI-Generated",0.0772984495336712,0.0722705307192397,0.0836584512955558,"1000"
"Worth","Human Original",0.0496860529968097,0.0449340506005393,0.0548297188577764,"10000"
"Worth","Human Forgery",0.0273273656476806,0.0248557392197543,0.0307301527859462,"10000"
"Worth","AI-Generated",0.0193058589584002,0.0172581214123962,0.0220405140865791,"10000"
"Worth","Human Original",0.00961663638249882,0.00774195926345137,0.0119504713483605,"100000"
"Worth","Human Forgery",0.00518503575597541,0.00407939901314379,0.00651885984622079,"100000"
"Worth","AI-Generated",0.00343524799693975,0.00266245386574823,0.00435634076971313,"100000"
"Entropy","Human Original",0.802962301645445,0.799767023734654,0.806108796044883,NA
"Entropy","Human Forgery",0.804937849798641,0.801580575808324,0.808241371359545,NA
"Entropy","AI-Generated",0.803651468657367,0.800301186368395,0.806981298378911,NA
"pLeft","Human Original",0.497383315974368,0.473165419632094,0.521387704590062,NA
"pLeft","Human Forgery",0.488876299739689,0.464083568622173,0.513600420436932,NA
"pLeft","AI-Generated",0.49697983935165,0.472364255072226,0.521685295105128,NA
"pCenter","Human Original",0.543873845872372,0.527567036712113,0.560685826164834,NA
"pCenter","Human Forgery",0.542711168646838,0.525396181771377,0.559498183708884,NA
"pCenter","AI-Generated",0.545096147823874,0.527911450267191,0.562528644065065,NA
"Shift","Human Original",0.268464276127159,0.260401978859789,0.276977827094914,NA
"Shift","Human Forgery",0.267204173126344,0.258384512506647,0.276374042197913,NA
"Shift","AI-Generated",0.272668192684943,0.264169334266212,0.281367128834704,NA
"Reality","Human Original",0.560749007451885,0.527841303323863,0.593322907743161,NA
"Reality","Human Forgery",0.546246707572293,0.512192394512696,0.579914509448794,NA
"Reality","AI-Generated",0.50615528101503,0.472300645871436,0.540096210332759,NA
"Authenticity","Human Original",0.604693265703976,0.587515891478866,0.621540271167941,NA
"Authenticity","Human Forgery",0.584328133083973,0.567467689162988,0.601560702339292,NA
"Authenticity","AI-Generated",0.591031152259189,0.573554963874263,0.608869603223577,NA
"Beauty2","Human Original",0.506676973486477,0.479642038999967,0.533365504306365,NA
"Beauty2","Human Forgery",0.504407208959529,0.4773832348391,0.530844590630927,NA
"Beauty2","AI-Generated",0.496566602530185,0.470173751252793,0.523534724768788,NA
"SelfRelevance","Human Original",0.363645602106607,0.351648666206327,0.376086457304207,"0"
"SelfRelevance","Human Forgery",0.367884208171422,0.353783330900273,0.381823923100595,"0"
"SelfRelevance","AI-Generated",0.373604470046029,0.358944304939022,0.387152135010397,"0"
"SelfRelevance","Human Original",0.17290246147836,0.166141257963258,0.180747873819531,"1"
"SelfRelevance","Human Forgery",0.173673888388447,0.166799787391035,0.182970357863706,"1"
"SelfRelevance","AI-Generated",0.172223499982003,0.165006076538153,0.179994997042412,"1"
"SelfRelevance","Human Original",0.142110252575756,0.135295442009144,0.148960745176119,"2"
"SelfRelevance","Human Forgery",0.142037213180954,0.134930548033277,0.148712595992708,"2"
"SelfRelevance","AI-Generated",0.139708613181982,0.132904184710675,0.145947303718849,"2"
"SelfRelevance","Human Original",0.127891383899285,0.12141791063978,0.134022334945282,"3"
"SelfRelevance","Human Forgery",0.126916614261313,0.119353923550569,0.133629928575656,"3"
"SelfRelevance","AI-Generated",0.125117362021082,0.118501032814361,0.132168732455189,"3"
"SelfRelevance","Human Original",0.115059385060074,0.108107001363037,0.123021850853905,"4"
"SelfRelevance","Human Forgery",0.113165605444065,0.106044576137148,0.121853325110305,"4"
"SelfRelevance","AI-Generated",0.112499531668705,0.105107575365297,0.121411120776389,"4"
"SelfRelevance","Human Original",0.0615688714702615,0.0567446829371851,0.0675321092603485,"5"
"SelfRelevance","Human Forgery",0.0601743602750689,0.0547978535741782,0.0662735501769933,"5"
"SelfRelevance","AI-Generated",0.0602706310659254,0.0552896805776356,0.0665657654746002,"5"
"SelfRelevance","Human Original",0.0164029393285503,0.0139722392315307,0.0189025665905544,"6"
"SelfRelevance","Human Forgery",0.0159754089888424,0.0137757220258635,0.0186545516515137,"6"
"SelfRelevance","AI-Generated",0.0160351324847309,0.013828074915333,0.0186931331542154,"6"
"Artificiality","Human Original",0.569287625454638,0.531995417611607,0.603826723636282,NA
"Artificiality","Human Forgery",0.576386829516165,0.542343506569409,0.60855484974931,NA
"Artificiality","AI-Generated",0.572636090386412,0.53620787281456,0.606460892391052,NA
